건물용도명,사업장명,폐업일자,좌표X,좌표Y,문화사업자구분명,문화체육업종명,데이터갱신시점,데이터갱신구분,상세영업상태코드,상세영업상태명,기존게임업외업종명,제작취급품목내용,시설면적,지상층수,최종수정시점,인허가취소일자,인허가일자,소재지우편번호,지번주소,관리번호,개방자치단체코드,제공게임물명,지역구분명,도로명주소,도로명우편번호,영업상태구분코드,영업상태명,주변환경명,휴업시작일자,휴업종료일자,소재지전화번호,총층수,지하층수
,(주)무빅스,2006-11-15,208198.05182263,448981.070521152,유통관련업,비디오물배급업,2026-05-06 22:30:13,I,03,폐업,,,,,2006-11-15 17:02:54,,2005-07-27,143-821,서울특별시 광진구 구의동 ***-* 동서울빌딩*층,CDFF1241112005000001,3040000,,,"서울특별시 광진구 광나루로 ***  (구의동,동서울빌딩*층)",,03,폐업,,,,,,
,진희 생각,2016-12-30,205828.253476728,448575.453228821,,비디오물배급업,2026-05-06 22:30:13,I,03,폐업,,"반송콘텐츠 제작, 디지털 콘텐츠",20,,2017-01-03 16:55:14,,2011-06-15,,서울특별시 광진구 자양동 *-** 서울시 여성능력개발원 창업보육센터 *층 ***호,CDFF1241112011000001,3040000,,,"서울특별시 광진구 아차산로**길 **,  ***호 (자양동,서울시 여성능력개발원 창업보육센터 *층)",,03,폐업,,,,,,
,진희 생각,2016-12-30,205828.253476728,448575.453228821,,비디오물배급업,2026-05-06 22:30:13,I,03,폐업,,"반송콘텐츠 제작, 디지털 콘텐츠",20,,2017-01-03 16:38:27,,2011-06-16,,서울특별시 광진구 자양동 *-** 서울시 여성능력개발원 창업보육센터 *층 ***호,CDFF1241112011000002,3040000,,,"서울특별시 광진구 아차산로**길 **, ***호 (자양동,서울시 여성능력개발원 창업보육센터 *층)",,03,폐업,,,,,,
,사-무지개세상,2020-01-22,208039.012232241,449862.410018018,,비디오물배급업,2026-05-06 22:30:13,I,03,폐업,,교육용홍보 자료,50,,2020-01-23 08:43:59,,2013-03-26,,서울특별시 광진구 구의동 **-* 난빌딩***호,CDFF1241112013000002,3040000,,,"서울특별시 광진구 자양로 ***-* (구의동, 난빌딩***호)",04961,03,폐업,,,,,,
,(주)디오시네마,2019-07-16,208568.939233791,448921.321944575,,비디오물배급업,2026-05-06 22:30:13,I,03,폐업,,영상컨텐츠,81.15,,2019-07-16 14:07:59,,2019-02-14,,서울특별시 광진구 광장동 *** 현대아파트,CDFF1241112019000001,3040000,,,"서울특별시 광진구 아차산로**길 **, ***동 ****호 (광장동, 현대아파트)",04984,03,폐업,,,,,,
,에이앤티애드,2019-10-11,172671.340887126,438279.1578424,,비디오물배급업,2026-05-06 23:04:37,I,03,폐업,,공익광고 등,33,,2019-10-11 14:24:22,,2012-11-08,,인천광역시 미추홀구 관교동 ***-* *층,CDFF1241112012000001,3510500,,,"인천광역시 미추홀구 인하로***번길 **, *층 (관교동)",22240,03,폐업,,,,,,
,(주)이산솔루션,2016-06-16,170560.798827806,440325.53291132,,비디오물배급업,2026-05-06 23:04:37,I,03,폐업,,홍보물영상 및 이미지 배급,64.94,,2016-06-17 11:18:20,,2014-10-08,,인천광역시 미추홀구 도화동 ***-* 인천아이티타워 ***호,CDFF1241112014000001,3510500,,,"인천광역시 미추홀구 경인로 ***, ***호 (도화동, 인천아이티타워)",22106,03,폐업,,,,070-4369-4000,,
,에이치디센터코리아(주),2016-02-03,170560.798827806,440325.53291132,,비디오물배급업,2026-05-06 23:04:37,I,03,폐업,,"비디오물, 홍보영상물",50.4,,2016-02-03 14:49:46,,2015-05-11,,인천광역시 미추홀구 도화동 ***-* 인천아이티타워 ****호,CDFF1241112015000001,3510500,,,"인천광역시 미추홀구 경인로 ***, ****호 (도화동, 인천아이티타워)",22106,03,폐업,,,,070-8611-9990,,
,디에이치 컴퍼니,2026-01-14,208568.939233791,448921.321944575,,비디오물배급업,2026-05-06 22:30:13,I,03,폐업,,비디오물,81.15,,2026-01-15 06:10:06,,2019-07-15,,서울특별시 광진구 광장동 *** 현대아파트 ***동 ****호,CDFF1241112019000003,3040000,,,"서울특별시 광진구 아차산로**길 **, ***동 ****호 (광장동, 현대아파트)",04984,03,폐업,,,,,,
