건축연면적,건물용도명,사업장명,사업자등록번호,회의실별동시수용인원,폐업일자,자본금,좌표X,좌표Y,문화사업자구분명,문화체육업종명,데이터갱신시점,데이터갱신구분,상세영업상태코드,상세영업상태명,영문상호주소,영문상호명,제작취급품목내용,시설면적,시설규모,지상층수,객실수,보험시작일자,보험종료일자,보험기관명,최종수정시점,인허가취소일자,인허가일자,소재지우편번호,지번주소,관리번호,개방자치단체코드,기획여행보험시작일자,기획여행보험종료일자,지역구분명,도로명주소,도로명우편번호,영업상태구분코드,영업상태명,좌석수,무대면적,주변환경명,기념품종류,휴업시작일자,휴업종료일자,소재지전화번호,총층수,지하층수,선박척수,선박제원,선박총톤수
,유통시설,(주)렛츠고 투어,,,,30000000,187733.160920858,450747.952249309,,국내여행업,2026-05-06 22:34:57,I,03,폐업,,,,,,,,2019-02-06,2020-02-05,서울보증보험(2천만원),2020-04-24 11:28:46,,2012-01-04,,서울특별시 강서구 가양동 449-21 한화비즈메트로2차,CDFI2260012020000002,3150000,,,일반상업지역,"서울특별시 강서구 양천로 551-24, 1501호 (가양동, 한화비즈메트로2차)",07532,03,폐업,,,,,,,,,,,,
,,SMC TOUR,,,2011-08-30,96000000,187926.077711687,449953.291133037,,국내여행업,2026-05-06 22:34:50,I,03,폐업,,,,,,,,,,,2011-08-30 09:50:42,,2010-06-08,157-840,서울특별시 강서구 등촌동 648-4 신성빌딩 3층 309호,CDFI2260012010000003,3150000,,,,"서울특별시 강서구 공항대로 519  (등촌동,신성빌딩 3층 309호)",,03,폐업,,,,,,,1577-9822,,,,,
,,(주)투어라인,,,2016-12-27,150000000,187119.948165892,450691.593173724,,국내여행업,2026-05-06 22:34:50,I,03,폐업,,,,,,,,2014-08-16,2015-08-16,한국관광협회중앙회 여행공제회,2016-12-28 16:50:14,,2009-11-19,157-839,서울특별시 강서구 등촌동 639-11 홈플러스매장 2층,CDFI2260012010000004,3150000,,,,"서울특별시 강서구 화곡로 398 (등촌동,홈플러스매장 2층)",,03,폐업,,,,,,,02-2026-6262,,,,,
,,주식회사 삼원항공여행사,,,2012-05-16,150000000,183390.852785193,451037.591823478,,국내여행업,2026-05-06 22:34:50,I,03,폐업,,,,,,,,,,,2012-05-16 17:30:13,,2010-10-06,157-811,서울특별시 강서구 공항동 25-18 유오빌딩 201호,CDFI2260012010000005,3150000,,,,"서울특별시 강서구 공항대로 49  (공항동,유오빌딩 201호)",,03,폐업,,,,,,,26627745,,,,,
,,주식회사 강서스카이여행사,,,2013-09-30,50000000,185602.437617188,450775.866028415,,국내여행업,2026-05-06 22:34:50,I,03,폐업,,,,,,,,2011-01-01,2011-12-31,서울보증보험,2017-05-18 15:32:13,,2010-12-08,157-805,서울특별시 강서구 마곡동 723 이천이프라자 302호,CDFI2260012010000007,3150000,,,,"서울특별시 강서구 공항대로 271 (가양동,이천이프라자 302호)",,03,폐업,,,,,,,02-3663-1245,,,,,
,,주식회사 길벗여행사,,,2012-04-10,50000000,183382.861571856,452713.505241493,,국내여행업,2026-05-06 22:34:50,I,03,폐업,,,,,,,,,,,2012-04-10 17:55:38,,2011-03-14,157-857,서울특별시 강서구 방화동 830-2 하이포트 오피스텔 614호,CDFI2260012011000003,3150000,,,,"서울특별시 강서구 금낭화로 128  (방화동,하이포트 오피스텔 614호)",,03,폐업,,,,,,,26652999,,,,,
,,진달래여행사,,,2017-04-15,31163361,185943.168675662,448930.821829751,,국내여행업,2026-05-06 22:34:50,I,03,폐업,,,,,,,,2015-05-19,2016-05-18,서울보증보험,2017-04-20 09:48:10,,2011-04-29,157-010,서울특별시 강서구 화곡동 1063-8 1101호,CDFI2260012011000004,3150000,,,,"서울특별시 강서구 화곡로 185, 1101호 (화곡동)",,03,폐업,,,,,,,26062220,,,,,
,,주식회사 피앤피티,,,2022-04-20,150000000,182876.367858149,452247.393831256,,국내여행업,2026-05-06 22:34:51,I,03,폐업,,,,,,,,2011-07-12,2012-07-12,한국관광협회중앙회 여행공제회,2022-04-20 14:02:13,,2011-05-20,157-850,서울특별시 강서구 방화동 849 벽산에어트리움 본관동 1층 110호,CDFI2260012011000005,3150000,,,,"서울특별시 강서구 양천로 28 (방화동,벽산에어트리움 본관동 1층 110호)",,03,폐업,,,,,,,,,,,,
,,주식회사 와이드엘투비,,,2019-08-27,60000000,185810.082788379,451085.609149833,,국내여행업,2026-05-06 22:34:51,I,03,폐업,,,,,,,,2017-10-20,2018-10-19,서울보증보험,2019-08-28 09:19:51,,2011-10-06,,서울특별시 강서구 등촌동 679-6 청호빌딩 403호,CDFI2260012011000008,3150000,,,,"서울특별시 강서구 강서로56가길 53, 403호 (등촌동, 청호빌딩)",07583,03,폐업,,,,,,,02-334-3317,,,,,
,,다모여행사,,,2017-03-13,31619171,183275.424160871,451986.280197164,,국내여행업,2026-05-06 22:34:51,I,03,폐업,,,,,,,,,,,2017-04-06 16:35:04,,2011-11-15,157-851,서울특별시 강서구 방화동 593-25,CDFI2260012011000011,3150000,,,,서울특별시 강서구 금낭화로 51-1  (방화동),,03,폐업,,,,,,,,,,,,
,,(주)하늘교육여행사,,,2016-11-04,30000000,186412.970137632,449581.397185368,,국내여행업,2026-05-06 22:34:52,I,03,폐업,,,,59.5,60,,,2011-09-07,2012-09-06,서울보증보험,2016-11-04 09:26:39,,2011-08-29,,서울특별시 강서구 화곡동 24-571 2층,CDFI2260012011000014,3150000,,,,"서울특별시 강서구 화곡로 266, 2층 (화곡동, 서령빌딩)",07673,03,폐업,,,,,,,02-581-2224,,,,,
,,주식회사 스카이젯,,,2012-07-13,,187220.501972892,450708.972803874,,국내여행업,2026-05-06 22:34:52,I,03,폐업,,,,,,,,,,,2012-07-13 14:27:06,,2012-02-06,157-840,서울특별시 강서구 등촌동 639-8 에이스에어존1동 812,CDFI2260012012000001,3150000,,,,"서울특별시 강서구 화곡로68길 36, 1동 812호 (등촌동)",,03,폐업,,,,,,,,,,,,
,,(주)뿌리여행사,,,2022-04-19,100000000,182929.561795629,452526.699106933,,국내여행업,2026-05-06 22:34:52,I,03,폐업,,,,,,,,2020-04-02,2021-04-01,서울보증보험,2022-04-19 16:38:16,,2012-06-01,,서울특별시 강서구 방화동 807 방화9단지아파트 상가동 101호,CDFI2260012012000003,3150000,,,,"서울특별시 강서구 양천로11길 57, 상가동 101호 (방화동, 방화9단지아파트)",07507,03,폐업,,,,,,,02-2662-9033,,,,,
,,(주)강남자유투어,,,2013-06-04,90000000,182895.668483962,451176.857915011,,국내여행업,2026-05-06 22:34:52,I,03,폐업,,,,,,,,2011-03-07,2012-03-06,서울보증보험,2013-06-04 11:46:50,,2010-10-19,157-853,서울특별시 강서구 방화동 620-214 더스카이오피스텔 1101호,CDFI2260012012000004,3150000,,,,서울특별시 강서구 개화동로 561 (방화동),,03,폐업,,,,,,,,,,,,
,,세계투어,,,2013-10-28,90000000,188692.033242329,449699.83258499,,국내여행업,2026-05-06 22:34:52,I,03,폐업,,,,,,,,,,,2013-10-28 14:33:38,,2012-08-24,157-862,서울특별시 강서구 염창동 264-18 송촌스페이스향 1층 90호,CDFI2260012012000005,3150000,,,,서울특별시 강서구 공항대로71길 49 (염창동),,03,폐업,,,,,,,22771314,,,,,
,근린생활시설,(주)희망고속관광,,,2017-06-20,,183564.323848609,451695.322348752,관광사업,국내여행업,2026-05-06 22:34:52,I,03,폐업,,,,,,12,,2016-07-07,2017-07-07,한국관광협회중앙회 여행공제회,2017-06-20 14:51:16,,1997-07-03,157-221,서울특별시 강서구 방화동 247-190 2층,CDFI2260012013000001,3150000,,,상업지역,"서울특별시 강서구 초원로 84, 2층 (방화동)",,03,폐업,,,기타,,,,02-780-9934,17,5,,,
,,(주)마이트래블,,,2017-02-06,100000000,183863.692502412,449443.610735042,,국내여행업,2026-05-06 22:34:52,I,03,폐업,,,,56,56,,,2012-09-06,2013-09-06,한국관광협회,2017-02-06 15:07:26,,2012-08-20,157-290,서울특별시 강서구 외발산동 426 스포츠동 1층,CDFI2260012013000005,3150000,,,,"서울특별시 강서구 방화대로 94 (외발산동, 스포츠동 1층)",,03,폐업,,,,,,,02-2644-8828,,,,,
,,(주)투어닷컴,,,2017-06-30,,187136.731748595,450260.970462173,,국내여행업,2026-05-06 22:34:52,I,03,폐업,,,,,,,,2016-06-25,2017-06-24,서울보증보험,2017-07-13 21:32:52,,2013-11-01,157-928,서울특별시 강서구 화곡동 1125-15 대지빌딩 403호,CDFI2260012013000007,3150000,,,,"서울특별시 강서구 공항대로 434, 403호 (화곡동, 대지빌딩)",,03,폐업,,,,,,,02-312-9988,,,,,
,,미한여행사,,,2014-06-30,60000000,185931.744608489,448945.734101528,,국내여행업,2026-05-06 22:34:52,I,03,폐업,,,,,,,,,,,2014-06-30 16:48:22,,2013-11-29,157-873,서울특별시 강서구 화곡동 1063-17 2030오피스텔 701호,CDFI2260012013000008,3150000,,,,"서울특별시 강서구 화곡로29길 7, 701호 (화곡동, 2030오피스텔)",,03,폐업,,,,,,,02-2698-8658,,,,,
,,(주)비산항공여행사,,,2023-11-13,,188843.428976776,449461.15251245,관광사업,국내여행업,2026-05-06 22:34:53,I,03,폐업,,,,,,,,2011-07-20,2012-07-19,서울보증보험,2023-11-13 15:13:33,,2001-05-08,157-040,서울특별시 강서구 염창동 282-23 5층,CDFI2260012014000001,3150000,,,,"서울특별시 강서구 공항대로 627, 5층 (염창동)",,03,폐업,,,,,,,02-595-0205,,,,,
,,(주)시크릿마인스,,,2014-05-29,50000000,187952.560027898,450562.020225978,,국내여행업,2026-05-06 22:34:53,I,03,폐업,,,,66,66,,,2014-02-19,2015-02-18,서울보증보험주식회사,2014-06-13 16:10:20,,2011-05-16,157-040,서울특별시 강서구 염창동 240-21 B동 1710호,CDFI2260012014000005,3150000,,,,"서울특별시 강서구 양천로 583, B동 1710호 (염창동)",,03,폐업,,,,,,,1566-7250,,,,,
,,한의사투어,,,2019-12-17,200000000,186324.832095725,450838.384642533,,국내여행업,2026-05-06 22:34:53,I,03,폐업,,,,,,,,2016-11-25,2017-11-24,서울보증보험,2019-12-18 14:34:23,,2014-03-14,,서울특별시 강서구 등촌동 699-3 701호,CDFI2260012014000007,3150000,,,,"서울특별시 강서구 공항대로41길 44, 701호 (등촌동, 아카데미프라자)",07587,03,폐업,,,,,,,02-3662-0522,7,,,,
,,(주)스카이트래블,,,2015-06-01,90000000,186483.586196921,450699.003692987,,국내여행업,2026-05-06 22:34:53,I,03,폐업,,,,,,,,,,,2015-06-01 18:50:32,,2015-03-09,157-030,서울특별시 강서구 등촌동 662-3 신송타워 213호,CDFI2260012015000002,3150000,,,,"서울특별시 강서구 화곡로63길 93, 213호 (등촌동, 신송타워)",,03,폐업,,,,,,,02-2659-9527,,,,,
,,(주)비단국제여행사,,,2015-08-07,65000000,183861.648795384,452327.871674126,,국내여행업,2026-05-06 22:34:53,I,03,폐업,,,,,,,,,,,2015-08-10 10:33:28,,2015-04-14,157-846,서울특별시 강서구 마곡동 1168 한림리첸빌 101동 203호,CDFI2260012015000003,3150000,,,,"서울특별시 강서구 양천로 128, 101동 203호 (마곡동, 한림리첸빌)",07593,03,폐업,,,,,,,02-2664-8008,,,,,
,,(주)종이비행기여행사,,,2019-08-27,100000000,185778.824182326,451401.946795574,,국내여행업,2026-05-06 22:34:53,I,03,폐업,,,,,,,,2017-08-04,2018-08-03,서울보증보험,2019-08-28 09:18:36,,2015-07-23,,서울특별시 강서구 마곡동 784-8 벨리오 209호,CDFI2260012015000004,3150000,,,,"서울특별시 강서구 강서로 439, 209호 (마곡동, 벨리오)",07792,03,폐업,,,,,,,02-2659-2828,,,,,
,,(주)마루여행,,,2023-04-19,30000000,182524.823835629,451438.25089679,,국내여행업,2026-05-06 22:34:54,I,03,폐업,,,,,,,,2019-07-08,2020-07-07,서울보증보험,2023-04-19 10:45:32,,2012-07-04,,서울특별시 강서구 방화동 886 롯데몰김포공항점롯데제이티비 지층,CDFI2260012016000002,3150000,,,,"서울특별시 강서구 하늘길 38, 지층 (방화동, 롯데몰김포공항점롯데제이티비)",07505,03,폐업,,,,,,,02-318-0967,,,,,
,,(주)엠파이브솔루션,,,2017-05-25,100000000,183068.55405978,450983.319831035,,국내여행업,2026-05-06 22:34:54,I,03,폐업,,,,,,,,,,,2017-05-25 14:47:06,,2016-04-22,,서울특별시 강서구 공항동 49-2 901호,CDFI2260012016000004,3150000,,,,"서울특별시 강서구 공항대로 18-1, 901호 (공항동, 이스카이오피스텔)",07622,03,폐업,,,,,,,02-3394-4920,,,,,
,,(주)다우투어,,,2022-01-17,50000000,187052.323132425,450291.97922408,,국내여행업,2026-05-06 22:34:54,I,03,폐업,,,,,,,,2017-11-02,2020-11-01,서울보증보험,2022-01-18 08:58:37,,2016-10-28,,서울특별시 강서구 화곡동 1107 919호,CDFI2260012016000009,3150000,,,,"서울특별시 강서구 공항대로 426, 919호 (화곡동, VIP빌딩)",07654,03,폐업,,,,,,,,,,,,
,,일목트레킹,,,2019-11-12,118916020,182876.367858149,452247.393831256,,국내여행업,2026-05-06 22:34:54,I,03,폐업,,,,,,,,2018-01-16,2019-01-15,서울보증보험주식회사,2019-11-12 13:33:19,,2011-10-07,,서울특별시 강서구 방화동 849 벽산에어트리움 918호,CDFI2260012017000001,3150000,,,,"서울특별시 강서구 양천로 28, 벽산에어트리움 918호 (방화동)",07601,03,폐업,,,,,,,02-2277-7300,,,,,
,,비엘,,,2017-11-25,31907310,185652.859767344,448830.359485818,,국내여행업,2026-05-06 22:34:54,I,03,폐업,,,,,,,,2017-07-21,2019-07-20,서울보증보험주식회사,2017-11-29 17:00:05,,2010-07-01,,서울특별시 강서구 화곡동 1065-2 303호,CDFI2260012017000002,3150000,,,,"서울특별시 강서구 강서로33길 25, 303호 (화곡동, 대한오피스텔)",07714,03,폐업,,,,,,,,,,,,
,근린생활시설,(유)굿트래블관광,,,2025-09-26,200000000,185467.348926767,448352.42561757,,국내여행업,2026-05-06 22:34:55,I,03,폐업,,,,138.14,138,3,,2017-06-18,2018-06-18,한국관광협회중앙회 여행공제회,2025-09-29 15:31:51,,2009-07-27,,서울특별시 강서구 화곡동 377-10,CDFI2260012017000005,3150000,,,일반상업지역,"서울특별시 강서구 가로공원로 183, 4층 (화곡동)",07718,03,폐업,,,,,,,,4,1,,,
,,(주)후쿠코리아,,,2021-01-22,90000000,184715.45178233,451876.480698088,,국내여행업,2026-05-06 22:34:55,I,03,폐업,,,,,,,,2016-11-02,2017-11-01,서울보증보험,2021-01-24 10:21:19,,2017-06-08,,서울특별시 강서구 마곡동 757-2 마곡나루역프라이빗타워Ⅱ 801호,CDFI2260012017000008,3150000,,,,"서울특별시 강서구 마곡중앙로 171, 801호 (마곡동, 마곡나루역프라이빗타워Ⅱ)",07788,03,폐업,,,,,,,,,,,,
,,(주)힐빙코리아,,,2020-04-28,15000000,186378.231818091,450937.877207072,,국내여행업,2026-05-06 22:34:55,I,03,폐업,,,,13.36,13,,,2017-10-27,2018-10-26,서울보증보험,2020-04-28 15:01:42,,2017-11-08,,서울특별시 강서구 등촌동 698-1 세신등촌종합상가,CDFI2260012017000010,3150000,,,,"서울특별시 강서구 공항대로41길 66, 130호 (등촌동)",07587,03,폐업,,,,,,,,,,,,
,,바이크로,,,2025-09-26,,183943.780415053,452899.475862536,,국내여행업,2026-05-06 22:34:55,I,03,폐업,,,,,,,,,,,2025-09-26 17:23:29,,2018-02-05,,서울특별시 강서구 방화동 110-2,CDFI2260012018000001,3150000,,,,"서울특별시 강서구 방화대로52길 33, 1층 (방화동)",07518,03,폐업,,,,,,,,,,,,
,,(주)투어윈도우글로벌,,,2023-03-03,20000000,184655.264279055,451864.298152252,,국내여행업,2026-05-06 22:34:55,I,03,폐업,,,,31.08,31,,,,,,2023-03-03 11:23:53,,2018-04-30,,서울특별시 강서구 마곡동 757 두산더랜드파크 1206호,CDFI2260012018000005,3150000,,,,"서울특별시 강서구 마곡중앙로 161-8, 두산더랜드파크 1206호 (마곡동)",07788,03,폐업,,,,,,,,,,,,
,,(주)큐트래블,,,2024-09-05,15000000,184736.337018716,450772.911093033,,국내여행업,2026-05-06 22:34:55,I,03,폐업,,,,28.86,29,,,,,,2024-09-05 13:13:12,,2018-05-03,,서울특별시 강서구 마곡동 799-1 1207호,CDFI2260012018000006,3150000,,,,"서울특별시 강서구 공항대로 186, 로뎀타워 1207호 (마곡동)",07631,03,폐업,,,,,,,02-540-1208,,,,,
,,(주)모두모아투어,,,2024-07-05,15000000,185095.247005248,450885.058431205,,국내여행업,2026-05-06 22:34:55,I,03,폐업,,,,35.49,35,,,2021-07-05,2022-07-04,서울보증보험,2024-07-05 16:34:32,,2018-07-03,,서울특별시 강서구 마곡동 774-9 사이언스타 408호,CDFI2260012018000008,3150000,,,,"서울특별시 강서구 마곡중앙6로 42, 사이언스타 408호 (마곡동)",07802,03,폐업,,,,,,,02-6465-8500,,,,,
,,(주)끌림소프트,,,2024-04-03,100000000,184781.280173655,450666.840380388,,국내여행업,2026-05-06 22:34:55,I,03,폐업,,,,,,,,2016-06-25,2017-06-24,(사단)경기도관광협회,2024-04-03 14:58:06,,2015-06-17,,서울특별시 강서구 마곡동 799-17 601호,CDFI2260012018000011,3150000,,,,"서울특별시 강서구 마곡중앙2로 15, 마곡테크노타워II 601호 (마곡동)",07631,03,폐업,,,,,,,02-2659-2721,,,,,
,,OK 여행사,,,2025-06-30,50000000,185032.421148111,450836.071292455,,국내여행업,2026-05-06 22:34:56,I,03,폐업,,,,,,,,2019-06-04,2021-06-03,서울보증보험,2025-07-22 13:58:01,,2010-01-27,,서울특별시 강서구 마곡동 774-2 보타닉파크타워2 522호,CDFI2260012018000012,3150000,,,,"서울특별시 강서구 공항대로 213, 보타닉파크타워2 522호 (마곡동)",07802,03,폐업,,,,,,,02-2604-2838,,,,,
,,주식회사 우리투어베스트,,,2022-07-26,30000000,185371.298773738,450793.771245265,,국내여행업,2026-05-06 22:34:56,I,03,폐업,,,,,,,,2021-08-26,2022-08-26,한국관광협회중앙회 여행공제회,2022-07-26 18:13:02,,2011-08-24,,서울특별시 강서구 마곡동 797-1 퀸즈파크나인 1109호,CDFI2260012018000014,3150000,,,,"서울특별시 강서구 공항대로 247, 퀸즈파크나인 1109호 (마곡동)",07803,03,폐업,,,,,,,02-444-5302,,,,,
,,(주)온누리지앤비,,,2021-11-16,30000000,184844.841587036,450680.3656089,,국내여행업,2026-05-06 22:34:56,I,03,폐업,Domestic travel business,"ONNURI GOLF CO.,LTD",,99.47,99,299,,2021-02-04,2022-02-03,서울보증보험주식회사,2021-11-17 08:55:56,,2014-02-04,,서울특별시 강서구 마곡동 799-11 파인스퀘어 B동 812호,CDFI2260012019000003,3150000,,,,"서울특별시 강서구 마곡중앙4로 22, 파인스퀘어 B동 812호 (마곡동)",07631,03,폐업,,,,,,,02-720-0555,,,,,
,,비비투어닷컴(주),,,2022-02-03,150000000,185127.285385035,450939.221091497,관광사업,국내여행업,2026-05-06 22:34:56,I,03,폐업,,,,112.2,112,,,2018-09-30,2019-09-30,한국관광협회,2022-02-04 10:33:32,,2002-02-27,,서울특별시 강서구 마곡동 772-5 리더스퀘어마곡 A동 612호,CDFI2260012019000004,3150000,,,,"서울특별시 강서구 마곡중앙6로 45, 리더스퀘어마곡 A동 612호 (마곡동)",07802,03,폐업,,,,,,,02-512-5369,,,,,
,,(주)투어메모리,,,2020-06-02,100000000,185086.248272885,450830.206600426,,국내여행업,2026-05-06 22:34:56,I,03,폐업,,,,,,,,2017-03-08,2018-03-08,서울보증보험(2천만원),2020-06-02 17:31:15,,2016-03-09,,서울특별시 강서구 마곡동 774-3 센테니아 809호,CDFI2260012019000006,3150000,,,,"서울특별시 강서구 공항대로 219, 센테니아 809호 (마곡동)",07802,03,폐업,,,,,,,02-319-4777,,,,,
,,기독교문화여행사,,,2022-01-26,16000000,183904.185304244,450487.685001258,,국내여행업,2026-05-06 22:34:57,I,03,폐업,,,,10,10,,,,,,2022-01-27 11:26:42,,2019-03-28,,서울특별시 강서구 공항동 1345-1 201호,CDFI2260012019000007,3150000,,,,"서울특별시 강서구 방화대로8길 36, 201호 (공항동)",07645,03,폐업,,,,,,,070-8893-5300,,,,,
,,즐거운 여행,,,2022-05-12,30982950,184526.084367975,451722.650631223,,국내여행업,2026-05-06 22:34:57,I,03,폐업,,,,29.7,30,,,2019-09-10,2020-09-09,서울보증보험,2022-05-13 15:29:30,,2019-04-29,,서울특별시 강서구 마곡동 759-1 두산더랜드타워 B동 714호,CDFI2260012019000008,3150000,,,,"서울특별시 강서구 마곡서로 152, 두산더랜드타워 B동 714호 (마곡동)",07788,03,폐업,,,,,,,,,,,,
,,한새투어,,,2022-03-16,15000000,186687.131804431,451342.773451086,,국내여행업,2026-05-06 22:34:57,I,03,폐업,,,,71,71,,,2019-06-10,2020-06-09,서울보증보험,2022-03-16 18:12:23,,2019-06-10,,서울특별시 강서구 가양동 18-24 홈플러스가양점,CDFI2260012019000010,3150000,,,,"서울특별시 강서구 양천로 431, 홈플러스가양점 지하2층 (가양동)",07527,03,폐업,,,,,,,02-6954-0025,,,,,
,,제이투어,,,2022-04-19,15000000,187125.882786229,451038.464052645,,국내여행업,2026-05-06 22:34:57,I,03,폐업,,,,,,,,2021-07-15,2022-07-14,서울보증보험,2022-04-19 16:38:29,,2019-07-15,,서울특별시 강서구 가양동 14-51 토피아빌딩 402-8호,CDFI2260012019000011,3150000,,,,"서울특별시 강서구 화곡로 429, 토피아빌딩 402-8호 (가양동)",07526,03,폐업,,,,,,,070-5022-3391,,,,,
,,에스티지,,,2020-12-14,15000000,187420.386366609,447998.061398387,,국내여행업,2026-05-06 22:34:57,I,03,폐업,,,,10,10,,,,,,2020-12-14 18:24:58,,2019-07-18,,서울특별시 강서구 화곡동 827-18 소울빌딩 B-1호,CDFI2260012019000012,3150000,,,,"서울특별시 강서구 곰달래로53길 56, 소울빌딩 지하1층 (화곡동)",07740,03,폐업,,,,,,,,,,,,
,,라이프플러스원(주),,,2023-03-02,98000000,188791.250134373,449473.236927176,,국내여행업,2026-05-06 22:34:57,I,03,폐업,,,,,,,,,,,2023-03-02 16:43:36,,2019-08-30,,서울특별시 강서구 염창동 282-34 301호,CDFI2260012019000014,3150000,,,,"서울특별시 강서구 공항대로75길 8, 301호 (염창동)",07558,03,폐업,,,,,,,02-2668-3114,,,,,
,,(주)더웨이코리아,,,2024-06-11,30000000,184572.413912003,450792.481822587,,국내여행업,2026-05-06 22:34:57,I,03,폐업,Domestic travel business,"THE WAY KOREA Co.Ltd.,",,,,,,2020-07-30,2021-07-29,"서울보증보험(85,000,000)",2024-06-11 14:23:08,,2012-02-21,,서울특별시 강서구 마곡동 798-3 747타워 1002호,CDFI2260012019000016,3150000,,,,"서울특별시 강서구 공항대로 168, 747타월 1002호 (마곡동)",07807,03,폐업,,,,,,,02-6032-6000,,,,,
,,오름산장&트레킹,,,2022-01-19,30000000,184622.24950286,451831.218540076,,국내여행업,2026-05-06 22:34:57,I,03,폐업,,,,40,40,,,2021-03-01,2022-03-01,여행공제회(이천만원),2022-01-19 21:07:02,,2012-08-30,,서울특별시 강서구 마곡동 757-3 마곡나루역보타닉비즈타워 712호,CDFI2260012020000001,3150000,,,,"서울특별시 강서구 마곡중앙5로1길 20, 마곡나루역보타닉비즈타워 712호 (마곡동)",07788,03,폐업,,,,,,,02-2234-8848,,,,,
,,(주)파티넷코,,,2025-11-10,18306241,185127.285385035,450939.221091497,,국내여행업,2026-05-06 22:34:58,I,03,폐업,,,,,,,,2019-12-13,2020-12-12,서울보증보험(2천만원),2025-11-11 17:32:18,,2019-12-10,,서울특별시 강서구 마곡동 772-5 리더스퀘어마곡 A동 609호,CDFI2260012020000004,3150000,,,,"서울특별시 강서구 마곡중앙6로 45, 리더스퀘어마곡 A동 609-H631호 (마곡동)",07802,03,폐업,,,,,,,,,,,,
,,케이투에이치(주),,,2025-04-03,50000000,185127.285385035,450939.221091497,,국내여행업,2026-05-06 22:34:58,I,03,폐업,,,,,,,,,,,2025-04-03 17:20:16,,2020-06-29,,서울특별시 강서구 마곡동 772-5 리더스퀘어마곡 A동 637호,CDFI2260012020000009,3150000,,,,"서울특별시 강서구 마곡중앙6로 45, 리더스퀘어마곡 A동 637-638호 (마곡동)",07802,03,폐업,,,,,,,02-2088-0565,,,,,
,,(주)에듀비전,,,2022-05-02,15000000,185150.32136415,450822.870557532,,국내여행업,2026-05-06 22:34:58,I,03,폐업,,,,,,,,2020-08-06,2021-08-05,서울보증보험,2022-05-02 18:12:17,,2020-08-07,,서울특별시 강서구 마곡동 774-4 마곡센트럴타워Ⅰ 1019호,CDFI2260012020000010,3150000,,,,"서울특별시 강서구 공항대로 227, 마곡센트럴타워Ⅰ 1019호 (마곡동)",07802,03,폐업,,,,,,,02-1544-4364,,,,,
,,주식회사 리더스아름다운,,,2021-09-08,100000000,185863.097607353,447532.962112156,,국내여행업,2026-05-06 22:34:58,I,03,폐업,,,,,,,,2020-07-12,2021-07-12,관광공제회(2천만원),2021-09-09 11:26:26,,2013-01-07,,서울특별시 강서구 화곡동 921-6 호텔 타워,CDFI2260012020000013,3150000,,,,"서울특별시 강서구 곰달래로 72, 호텔 타워 (화곡동)",07775,03,폐업,,,,,,,1577-4175,,,,,
,,(주)스마일하나여행,,,2022-08-09,90000000,184971.522700042,450643.056387457,,국내여행업,2026-05-06 22:34:58,I,03,폐업,,,,,,,,2019-03-13,2020-03-12,서울보증보험주식회사(3천만원),2022-08-09 16:58:21,,2012-10-18,,서울특별시 강서구 마곡동 800-15 이너매스마곡Ⅱ 719호,CDFI2260012020000014,3150000,,,,"서울특별시 강서구 마곡중앙2로 35, 이너매스마곡Ⅱ 719호 (마곡동)",07806,03,폐업,,,,,,,,,,,,
,,(주)인월드여행사,,,2021-12-20,150000000,185086.248272885,450830.206600426,관광사업,국내여행업,2026-05-06 22:34:58,I,03,폐업,,,,,,,,2020-04-23,2021-04-22,"서울보증보험(30,000,000)",2021-12-21 15:50:15,,2003-04-18,,서울특별시 강서구 마곡동 774-3 센테니아 909호,CDFI2260012021000001,3150000,,,,"서울특별시 강서구 공항대로 219, 센테니아 909호 (마곡동)",07802,03,폐업,,,,,,,02-735-5900,,,,,
,,두리골프,,,2022-12-23,100000000,184785.483493825,450767.258354567,,국내여행업,2026-05-06 22:34:58,I,03,폐업,,,,,,,,,,,2022-12-26 11:08:40,,2021-03-23,,서울특별시 강서구 마곡동 799-2 푸리마타워 702호,CDFI2260012021000003,3150000,,,,"서울특별시 강서구 공항대로 190, 푸리마타워 702호 (마곡동)",07631,03,폐업,,,,,,,02-2135-2315,,,,,
,,직투어,,,2022-11-24,56000000,185032.421148111,450836.071292455,,국내여행업,2026-05-06 22:34:59,I,03,폐업,,,,28.55,29,,,2019-10-02,2020-10-01,서울보증보험,2022-11-24 16:06:32,,2019-09-18,,서울특별시 강서구 마곡동 774-2 보타닉파크타워2 314호,CDFI2260012021000006,3150000,,,,"서울특별시 강서구 공항대로 213, 보타닉파크타워2 314호 (마곡동)",07802,03,폐업,,,,,,,1877-2509,,,,,
,,(주)그린웍스,,,2023-06-29,252661000,183007.220061564,450515.642035894,,국내여행업,2026-05-06 22:34:59,I,03,폐업,,,,,,,,2021-08-18,2022-08-17,서울보증보험,2023-06-30 09:00:40,,2008-07-07,,서울특별시 강서구 공항동 1373-5 D동,CDFI2260012022000001,3150000,,,,"서울특별시 강서구 하늘길 233, D동 (공항동)",07505,03,폐업,,,,,,,02-3153-0181,,,,,
,,트래블랜드,,,2022-12-23,15000000,184636.53344075,450143.872075084,,국내여행업,2026-05-06 22:34:59,I,03,폐업,,,,,,,,,,,2022-12-26 11:07:19,,2022-07-13,,서울특별시 강서구 내발산동 750-11 신원메디칼프라자 9-80호,CDFI2260012022000003,3150000,,,,"서울특별시 강서구 강서로47길 165, 신원메디칼프라자 9층 80호 (내발산동)",07635,03,폐업,,,,,,,,,,,,
,,스마트투어,,,2024-03-18,15000000,187999.32555627,449920.361168751,,국내여행업,2026-05-06 22:34:59,I,03,폐업,,,,3.3,3,,,2024-01-23,2025-01-22,서울보증보험(이천만원),2024-03-18 13:17:24,,2024-01-03,,서울특별시 강서구 등촌동 648-6 비원오피스텔,CDFI2260012024000001,3150000,,,,"서울특별시 강서구 공항대로 525, 비원오피스텔 1501가-96호 (등촌동)",07563,03,폐업,,,,,,,,,,,,
,,(주)나진관광여행사,,,2007-02-20,50000000,186748.43990512,450068.277076504,관광사업,국내여행업,2026-05-06 22:34:42,I,03,폐업,,,,,,,,2003-02-17,2004-02-17,한국관광협회 여행공제회,2007-02-20 16:05:19,,1991-03-18,157-928,서울특별시 강서구 화곡동 1117-18,CDFI2260011991000001,3150000,,,,서울특별시 강서구 화곡로 326  (화곡동),,03,폐업,,,,,,,26947262,,,,,
,,(주)케이제이 여행사,,,2008-05-06,50000000,183484.777904423,451729.55300918,관광사업,국내여행업,2026-05-06 22:34:42,I,03,폐업,,,,,,,,2003-02-03,2004-02-03,한국관광협회 여행공제회,2008-05-06 15:26:02,,1993-08-12,157-846,서울특별시 강서구 방화동 247-110,CDFI2260011993000001,3150000,,,,서울특별시 강서구 초원로 75  (방화동),,03,폐업,,,,,,,26616200,,,,,
,,(주)강서관광여행사,,,2014-02-26,200000000,186412.970137632,449581.397185368,관광사업,국내여행업,2026-05-06 22:34:43,I,03,폐업,,,,,,,,,,,2014-02-26 11:03:33,,1994-03-05,157-866,서울특별시 강서구 화곡동 24-571 천일빌딩 201호,CDFI2260011994000001,3150000,,,,"서울특별시 강서구 화곡로 266, 201호 (화곡동, 천일빌딩)",,03,폐업,,,,,,,02-3663-1245,,,,,
,,(주)기독교놀이문화여행사,,,2001-12-28,,187685.860829439,447752.517105171,관광사업,국내여행업,2026-05-06 22:34:43,I,03,폐업,,,,,,,,,,,2003-04-28 13:41:38,,1997-05-23,157-897,서울특별시 강서구 화곡동 796-16,CDFI2260011997000001,3150000,,,,서울특별시 강서구 곰달래로 256  (화곡동),,03,폐업,,,,,,,,,,,,
,,공항국제관광(주),,,2010-03-31,50000000,183237.203672348,451289.919401194,관광사업,국내여행업,2026-05-06 22:34:43,I,03,폐업,,,,,,,,2002-03-17,2003-03-17,한국관광협회 여행공제,2010-03-31 15:28:30,,1997-10-24,157-811,서울특별시 강서구 공항동 22-53,CDFI2260011997000004,3150000,,,,서울특별시 강서구 방화동로 36-1  (공항동),,03,폐업,,,,,,,,,,,,
,,주식회사 범아관광정보,,,2006-01-27,50000000,187864.213666165,449738.795161585,관광사업,국내여행업,2026-05-06 22:34:43,I,03,폐업,,,,,,,,2003-02-22,2004-02-22,한국관광협회 여행공제회,2006-01-27 14:40:10,,1998-06-20,157-836,서울특별시 강서구 등촌동 507-6,CDFI2260011998000001,3150000,,,,서울특별시 강서구 등촌로 225  (등촌동),,03,폐업,,,,,,,,,,,,
,,(주)신아 티엔에스,,,2004-03-06,50000000,187899.961111875,450091.119182658,관광사업,국내여행업,2026-05-06 22:34:43,I,03,폐업,,,,,,,,2002-03-17,2003-03-16,서울보증보험,2006-04-18 11:12:15,,1999-03-18,157-840,서울특별시 강서구 등촌동 647-24 신아빌딩 2층동,CDFI2260011999000001,3150000,,,,"서울특별시 강서구 공항대로59길 32, 2층동 (등촌동,신아빌딩)",,03,폐업,,,,,,,,,,,,
,근린생활시설,(주)이오스로지스틱스,,,2001-09-10,,,,관광사업,국내여행업,2026-05-06 22:34:44,I,03,폐업,,,,0,0,0,,,,,2003-04-18 11:50:59,,1999-11-24,157-847,서울특별시 강서구 방화동 273-5,CDFI2260011999000005,3150000,,,,,,03,폐업,,,,,,,,0,0,,,
,,(주)명지관광여행사,,,2008-03-24,50000000,186320.137471428,447957.117594405,관광사업,국내여행업,2026-05-06 22:34:44,I,03,폐업,,,,,,,,2002-10-04,2003-10-04,한국관광협회 여행공제회,2008-03-24 15:51:56,,2000-10-02,157-879,서울특별시 강서구 화곡동 338-25 경일빌딩 4층,CDFI2260012000000003,3150000,,,,"서울특별시 강서구 강서로18길 5  (화곡동,경일빌딩 4층)",,03,폐업,,,,,,,26068946,,,,,
,,주식회사 히든,,,2017-01-31,50000000,186174.524896896,447558.097935801,관광사업,국내여행업,2026-05-06 22:34:44,I,03,폐업,,,,,,,,2013-11-03,2014-11-02,서울보증보험,2017-07-27 09:41:29,,2001-01-22,157-910,서울특별시 강서구 화곡동 918-38 금성빌딩 1층,CDFI2260012001000001,3150000,,,,"서울특별시 강서구 곰달래로22길 5, 1층 (화곡동, 금성빌딩)",07777,03,폐업,,,,,,,26959952,,,,,
,,(주)여행투데이,,,2022-03-07,50000000,185127.285385035,450939.221091497,관광사업,국내여행업,2026-05-06 22:34:45,I,03,폐업,,,,,,,,2021-04-15,2022-04-15,한국관광협회중앙회 여행공제회,2022-03-07 17:40:15,,2001-04-06,,서울특별시 강서구 마곡동 772-5 리더스퀘어마곡 A동 603호,CDFI2260012001000004,3150000,,,,"서울특별시 강서구 마곡중앙6로 45, 리더스퀘어마곡 A동 603-D628호 (마곡동)",07802,03,폐업,,,기타,,,,02-3662-1588,,,,,
,,(주)은마여행사,,,2003-01-15,,185960.440336998,451800.33453706,관광사업,국내여행업,2026-05-06 22:34:45,I,03,폐업,,,,,,,,,,,2003-05-01 11:35:49,,2002-03-22,157-801,서울특별시 강서구 가양동 138-12 원빌딩,CDFI2260012002000001,3150000,,,,"서울특별시 강서구 양천로 351  (가양동,원빌딩)",,03,폐업,,,,,,,36658733,,,,,
,,(주)뉴로즈투어,,,2003-10-10,50000000,185533.416824562,450415.9899162,관광사업,국내여행업,2026-05-06 22:34:45,I,03,폐업,,,,,,,,2003-02-26,2004-02-26,한국관광협회 여행공제회,2006-04-18 11:16:12,,2002-09-24,157-834,서울특별시 강서구 내발산동 655-9 증산빌딩 208호,CDFI2260012002000002,3150000,,,,"서울특별시 강서구 강서로 337  (내발산동,증산빌딩 208호)",,03,폐업,,,,,,,26628134,,,,,
,,한네트관광개발-주,,,2006-02-23,50000000,186296.907720292,451579.600903724,관광사업,국내여행업,2026-05-06 22:34:45,I,03,폐업,,,,,,,,2002-10-25,2003-10-25,한국관광협회 여행공제회,2006-02-23 17:37:52,,2002-11-11,157-801,서울특별시 강서구 가양동 58-2,CDFI2260012002000005,3150000,,,,서울특별시 강서구 양천로 391  (가양동),,03,폐업,,,,,,,26587114,,,,,
,근린생활시설,(주)정아항공여행사,,,2004-03-10,50000000,185960.440336998,451800.33453706,관광사업,국내여행업,2026-05-06 22:34:45,I,03,폐업,,,,,,,,2002-12-18,2003-12-17,서울보증보험,2004-03-10 15:06:24,,2002-12-13,157-801,서울특별시 강서구 가양동 138-12 138동 12호,CDFI2260012002000006,3150000,,,,"서울특별시 강서구 양천로 351, 138동 12호 (가양동)",,03,폐업,,,,,,,36658733,,,,,
,,(주)핑투어,,,2017-09-29,200000000,183366.283511118,452915.963722565,,국내여행업,2026-05-06 22:34:45,I,03,폐업,,,,,,,,2016-10-18,2017-10-17,서울보증보험,2017-09-29 13:47:40,,2002-12-28,157-857,서울특별시 강서구 방화동 829 오피앙2차 107호,CDFI2260012002000007,3150000,,,,"서울특별시 강서구 금낭화로 287-50 (방화동,오피앙2차 107호)",,03,폐업,,,,,,,,,,,,
,,(주)대경씨엔아이,,,2012-04-27,200000000,188953.293071222,449482.995275203,관광사업,국내여행업,2026-05-06 22:34:46,I,03,폐업,,,,,,,,,,,2012-04-27 16:49:00,,2003-02-17,157-864,서울특별시 강서구 염창동 282-19 현대아이파크상가 107호,CDFI2260012003000003,3150000,,,,"서울특별시 강서구 공항대로 637,  107호 (염창동,현대아이파크상가)",,03,폐업,,,,,,,,,,,,
,,주식회사 일레븐투어,,,2006-05-22,50000000,185308.946953919,449513.593643286,관광사업,국내여행업,2026-05-06 22:34:46,I,03,폐업,,,,,,,,,,,2006-05-22 17:59:30,,2004-08-16,157-918,서울특별시 강서구 화곡동 1008-26 진명빌딩1층,CDFI2260012004000002,3150000,,,주거지역,"서울특별시 강서구 강서로45길 29  (화곡동,진명빌딩1층)",,03,폐업,,,주택가주변,,,,,,,,,
,,동화티엔비(주),,,2007-02-12,50000000,187052.323132425,450291.97922408,관광사업,국내여행업,2026-05-06 22:34:46,I,03,폐업,,,,,,,,,,,2007-02-13 15:38:47,,2005-05-03,157-928,서울특별시 강서구 화곡동 1107 브이아이피오피스텔1층,CDFI2260012005000002,3150000,,,,"서울특별시 강서구 공항대로 426  (화곡동,브이아이피오피스텔1층)",,03,폐업,,,,,,,02-2606-4511,,,,,
,,(주)애니원클럽,,,2007-01-18,,188459.993404231,450479.532596585,관광사업,국내여행업,2026-05-06 22:34:47,I,03,폐업,,,,,,,,2005-07-12,2006-07-12,한국관광협회중앙회 여행공제회,2007-01-19 14:59:31,,2005-07-11,157-859,서울특별시 강서구 염창동 70-4 베스티아별관 2층,CDFI2260012005000008,3150000,,,,"서울특별시 강서구 양천로67길 71-7  (염창동,베스티아별관 2층)",,03,폐업,,,,,,,,,,,,
,,(주)공항리무진항공여행사,,,2007-09-14,50000000,183383.582599815,451847.48524029,관광사업,국내여행업,2026-05-06 22:34:48,I,03,폐업,,,,,,,,,,,2007-09-17 10:37:39,,2006-08-17,157-851,서울특별시 강서구 방화동 580-120,CDFI2260012006000003,3150000,,,,서울특별시 강서구 방화동로 93  (방화동),,03,폐업,,,,,,,26656600,,,,,
,,주 에스앤,,,2011-07-14,,185811.947277508,451247.799839154,관광사업,국내여행업,2026-05-06 22:34:48,I,03,폐업,,,,,,,,,,,2011-07-14 11:48:09,,2008-02-04,157-030,서울특별시 강서구 등촌동 681-3 효성인텔리안216호,CDFI2260012008000001,3150000,,,,"서울특별시 강서구 강서로 426  (등촌동,효성인텔리안216호)",,03,폐업,,,,,,,,,,,,
,사무실,주식회사 예투어,,,2011-09-15,150000000,186480.475282452,449665.415630585,관광사업,국내여행업,2026-05-06 22:34:49,I,03,폐업,,,,66,66,4,,,,,2011-09-15 15:53:09,,2008-08-04,157-915,서울특별시 강서구 화곡동 982-13 동도센트리움오피스텔 905호,CDFI2260012008000003,3150000,,,상업지역,"서울특별시 강서구 화곡로 278  (화곡동,동도센트리움오피스텔 905호)",,03,폐업,,,기타,,,,02-3412-5353,5,1,,,
,,(주)아름다운주인투어,,,2022-01-12,50000000,183315.556652953,452204.165533971,관광사업,국내여행업,2026-05-06 22:34:49,I,03,폐업,,,,7.5,8,,,2016-07-20,2017-07-19,서울보증보험,2022-01-12 17:32:43,,2005-09-23,157-222,서울특별시 강서구 방화동 567-4 삼정코아아파트 1층 122호,CDFI2260012009000001,3150000,,,,"서울특별시 강서구 방화동로 126, 1층 122호 (방화동, 삼정코아아파트)",,03,폐업,,,,,,,02-2696-3374,,,,,
,근린생활시설,(주)허브여행사,,,2022-01-03,15000000,188181.747875314,450207.898931528,관광사업,국내여행업,2026-05-06 22:34:49,I,03,폐업,,,,87.25,87,,,2021-05-09,2022-05-08,서울보증보험,2022-01-04 08:57:12,,2007-04-27,157-030,서울특별시 강서구 등촌동 633-7,CDFI2260012009000002,3150000,,,,서울특별시 강서구 양천로 626 (등촌동),,03,폐업,,,,,,,02-2659-7770,,,,,
,,올레 투어,,,2013-12-17,50000000,187055.752624021,450052.527061467,,국내여행업,2026-05-06 22:34:49,I,03,폐업,,,,,,,,,,,2013-12-17 10:53:26,,2009-12-14,157-928,서울특별시 강서구 화곡동 1129-29 1층,CDFI2260012009000006,3150000,,,,"서울특별시 강서구 공항대로48길 50  (화곡동,1층)",,03,폐업,,,,,,,26922800,,,,,
,,(주)여행출발,,,2015-03-26,50000000,187052.323132425,450291.97922408,,국내여행업,2026-05-06 22:34:50,I,03,폐업,,,,,,,,2013-01-01,2013-12-31,서울보증보험,2015-03-26 18:15:45,,2009-09-14,157-707,서울특별시 강서구 화곡동 1107 VIP오피스텔 1005호,CDFI2260012010000002,3150000,,,,"서울특별시 강서구 공항대로 426, 1005호 (화곡동, VIP오피스텔)",,03,폐업,,,,,,,,,,,,
,,(주)천보관광여행사,,,2022-05-02,50000000,193764.761470624,442488.438980658,관광사업,국내여행업,2026-05-06 22:35:43,I,03,폐업,,,,,,,,2013-12-31,2014-12-31,여행공제회,2022-05-02 10:06:13,,1988-12-29,151-015,서울특별시 관악구 신림동 1422-38,CDFI2260011988000002,3200000,,,,서울특별시 관악구 남부순환로 1617 (신림동),,03,폐업,,,,,,,,,,,,
,,(주)베델여행사,,,1997-09-29,,195652.990363019,442258.341734201,관광사업,국내여행업,2026-05-06 22:35:43,I,03,폐업,,,,0,0,,,,,,2003-02-06 10:46:07,,1990-10-19,151-822,서울특별시 관악구 봉천동 871-65,CDFI2260011990000001,3200000,,,,서울특별시 관악구 봉천로 465  (봉천동),,03,폐업,,,,,,,,,,,,
,,(주)장미관광여행사,,,1997-11-17,,,,관광사업,국내여행업,2026-05-06 22:35:43,I,03,폐업,,,,0,0,,,,,,2003-02-06 10:46:07,,1994-02-05,151-894,서울특별시 관악구 신림동 1474,CDFI2260011994000001,3200000,,,,,,03,폐업,,,,,,,,,,,,
,,(주)서울대 여행사,,,2008-09-24,50000000,196139.864969792,439023.167125842,관광사업,국내여행업,2026-05-06 22:35:43,I,03,폐업,,,,,,,,2008-03-26,2009-03-26,한국관광협회 중앙회,2011-07-14 10:34:39,,1995-08-14,151-015,서울특별시 관악구 신림동 산 56-1 서울대학교후생관 2층동,CDFI2260011995000001,3200000,,,,"서울특별시 관악구 관악로 1, 2층동 (신림동,서울대학교후생관)",,03,폐업,,,,,,,,,,,,
,,(주)청조관광,,,1997-12-14,,193727.444975053,442644.322203979,관광사업,국내여행업,2026-05-06 22:35:43,I,03,폐업,,,,0,0,,,,,,2003-02-06 10:47:14,,1996-02-12,151-015,서울특별시 관악구 신림동 1424-19,CDFI2260011996000001,3200000,,,,서울특별시 관악구 신림로 354  (신림동),,03,폐업,,,,,,,,,,,,
,,느낌이십일세기여행사,,,1999-02-22,,192356.455817365,442143.241888941,관광사업,국내여행업,2026-05-06 22:35:43,I,03,폐업,,,,0,0,0,,,,,2003-02-06 10:46:07,,1996-05-31,151-894,서울특별시 관악구 신림동 1474-1,CDFI2260011996000002,3200000,,,,,,03,폐업,,,,,,,,0,0,,,
,,(주)삼보항공여행사,,,2021-12-31,50000000,191334.658955208,441993.853241909,관광사업,국내여행업,2026-05-06 22:35:43,I,03,폐업,DOMASTIC TOURISM,"SAMBOAIR TRAVEL Co.,Ltd",,,,,,2021-01-13,2022-01-12,서울보증(이천만),2022-01-28 15:46:09,,1996-06-07,151-015,서울특별시 관악구 신림동 1668 2층,CDFI2260011996000003,3200000,,,,서울특별시 관악구 남부순환로 1369 (신림동),08768,03,폐업,,,,,,,,,,,,
,,(주)세기관광,,,1998-11-09,,195537.455758615,441881.427207575,관광사업,국내여행업,2026-05-06 22:35:44,I,03,폐업,,,,0,0,,,,,,2003-02-06 10:47:14,,1996-07-11,151-846,서울특별시 관악구 봉천동 1568-1,CDFI2260011996000004,3200000,,,,서울특별시 관악구 쑥고개로 123  (봉천동),,03,폐업,,,,,,,,,,,,
,,(주)동서항공여행사,,,2001-07-10,,191244.186952943,442274.238533853,관광사업,국내여행업,2026-05-06 22:35:44,I,03,폐업,,,,0,0,,,,,,2003-02-06 10:46:07,,1997-01-16,151-903,서울특별시 관악구 신림동 1655-19,CDFI2260011997000001,3200000,,,,,,03,폐업,,,,,,,,,,,,
,,(주)한울여행사,,,2003-09-26,50000000,195537.269534163,442122.202180318,관광사업,국내여행업,2026-05-06 22:35:44,I,03,폐업,,,,,,,,,1999-10-13,,2003-09-26 17:25:10,,1998-09-14,151-836,서울특별시 관악구 봉천동 875-1,CDFI2260011998000002,3200000,,,,서울특별시 관악구 남부순환로 1802  (봉천동),,03,폐업,,,,,,,,,,,,
,,개벽관광,,,1999-12-03,,195187.953488313,442390.648691399,관광사업,국내여행업,2026-05-06 22:35:44,I,03,폐업,,,,0,0,0,,,,,2003-02-06 10:47:14,,1998-11-06,151-840,서울특별시 관악구 봉천동 910-20,CDFI2260011998000004,3200000,,,,서울특별시 관악구 양녕로 17  (봉천동),,03,폐업,,,,,,,,0,0,,,
,,월드남부관광클럽,,,2000-02-21,,195081.689721666,442275.730544362,관광사업,국내여행업,2026-05-06 22:35:44,I,03,폐업,,,,0,0,0,,,,,2003-02-06 10:46:07,,1999-10-04,151-840,서울특별시 관악구 봉천동 912-11,CDFI2260011999000001,3200000,,,,서울특별시 관악구 봉천로 408  (봉천동),,03,폐업,,,,,,,,0,0,,,
,,청룡엠앤티합자회사,,,2001-05-30,,192469.164069001,442178.102398669,관광사업,국내여행업,2026-05-06 22:35:44,I,03,폐업,,,,0,0,0,,,,,2003-02-06 10:46:07,,1999-11-29,151-899,서울특별시 관악구 신림동 1569-11,CDFI2260011999000002,3200000,,,,서울특별시 관악구 남부순환로 1484  (신림동),,03,폐업,,,,,,,,0,0,,,
,,(주)신림여행사,,,2011-08-31,50000000,193506.453613619,442451.538877664,관광사업,국내여행업,2026-05-06 22:35:44,I,03,폐업,,,,,,,,2008-01-01,2009-03-31,서울보증보험주식회사,2011-08-31 18:17:54,,2001-02-16,151-892,서울특별시 관악구 신림동 1433-102 2층,CDFI2260012001000001,3200000,,,,"서울특별시 관악구 남부순환로 1591  (신림동,2층)",,03,폐업,,,,,,,,,,,,
,,(주)엘앤티코리아,,,2002-03-02,,197436.89654892,441472.608142257,관광사업,국내여행업,2026-05-06 22:35:44,I,03,폐업,,,,0,0,,,,,,2003-02-06 10:46:07,,2001-05-10,151-926,서울특별시 관악구 남현동 1054-1,CDFI2260012001000002,3200000,,,,서울특별시 관악구 남부순환로 2008  (남현동),,03,폐업,,,,,,,,,,,,
,,(주)안전관광,,,2003-04-24,50000000,196069.243307506,442004.183082451,관광사업,국내여행업,2026-05-06 22:35:44,I,03,폐업,,,,,,,,,,,2003-04-24 17:17:58,,2002-01-17,151-849,서울특별시 관악구 봉천동 1665-5 2층,CDFI2260012002000001,3200000,,,,"서울특별시 관악구 남부순환로 1855  (봉천동,2층)",,03,폐업,,,,,,,,,,,,
,,(주)대국관광개발,,,2004-03-15,50000000,192342.519273529,442214.191245685,관광사업,국내여행업,2026-05-06 22:35:44,I,03,폐업,,,,,,,,2003-01-25,2004-01-24,서울보증보험주식회사,2004-03-15 14:18:50,,2002-01-31,151-876,서울특별시 관악구 신림동 538-2,CDFI2260012002000002,3200000,,,,서울특별시 관악구 남부순환로 1471  (신림동),,03,폐업,,,,,,,,,,,,
,,(주)파라다이스리조트,,,2003-05-21,50000000,193190.488963795,442569.58718033,관광사업,국내여행업,2026-05-06 22:35:44,I,03,폐업,,,,,,,,,2001-05-03,,2003-05-21 15:09:58,,2002-05-22,151-893,서울특별시 관악구 신림동 1465-1,CDFI2260012002000003,3200000,,,,서울특별시 관악구 관천로 75  (신림동),,03,폐업,,,,,,,,,,,,
,,지엠퍼스트코리아(주),,,2003-04-25,50000000,192284.605897258,442129.691281164,관광사업,국내여행업,2026-05-06 22:35:44,I,03,폐업,,,,,,,,,,,2003-04-28 18:23:23,,2002-10-29,151-894,서울특별시 관악구 신림동 1474-15 성호빌딩4층,CDFI2260012002000005,3200000,,,,"서울특별시 관악구 남부순환로 1466  (신림동,성호빌딩4층)",,03,폐업,,,,,,,21075600,,,,,
,,(주)인터내셔널 항공여행사,,,2004-12-14,50000000,194958.327478996,442346.823255488,관광사업,국내여행업,2026-05-06 22:35:44,I,03,폐업,,,,,,,,2003-11-11,2004-11-11,한국관광협회 중앙회,2004-12-14 15:45:52,,2002-11-07,151-843,서울특별시 관악구 봉천동 924-35 2층,CDFI2260012002000006,3200000,,,,"서울특별시 관악구 봉천로 393  (봉천동,2층)",,03,폐업,,,,,,,,,,,,
,,(주)한울항공,,,2002-12-28,,193335.399293698,443291.231245754,관광사업,국내여행업,2026-05-06 22:35:44,I,03,폐업,,,,0,0,0,,,,,2003-02-06 10:47:14,,2002-12-28,151-830,서울특별시 관악구 봉천동 729-24,CDFI2260012002000007,3200000,,,,서울특별시 관악구 보라매로5가길 7  (봉천동),,03,폐업,,,,,,,,0,0,,,
,,주식회사 아이엔티랩,,,2005-06-20,50000000,203773.861626071,444113.749479014,관광사업,국내여행업,2026-05-06 22:35:44,I,03,폐업,,,,,,,,2004-12-03,2005-12-03,한국관광협회중앙회 여행공제회,2005-06-20 14:52:14,,2003-12-01,135-921,서울특별시 강남구 역삼동 730-1 모두빌 빌딩 503호,CDFI2260012003000002,3200000,,,,"서울특별시 강남구 언주로79길 7,  503호 (역삼동,모두빌 빌딩)",,03,폐업,,,,,,,34529950,,,,,
,근린생활시설,야호!여행사,,,2008-09-11,73997448,197436.89654892,441472.608142257,관광사업,국내여행업,2026-05-06 22:35:44,I,03,폐업,,,,60,60,,,2007-05-07,2008-05-07,서울특별시관광협회장,2008-09-12 09:16:00,,2006-04-28,151-926,서울특별시 관악구 남현동 1054-1 선교빌딩 201호,CDFI2260012006000001,3200000,,,일반주거지역,"서울특별시 관악구 남부순환로 2008,  201호 (남현동,선교빌딩)",,03,폐업,,,기타,,,,,,,,,
,근린생활시설,(주)승무원,,,2008-09-22,50000000,195537.269534163,442122.202180318,관광사업,국내여행업,2026-05-06 22:35:44,I,03,폐업,,,,35,35,5,,2006-05-22,2007-05-21,서울특별시관광협회,2008-09-22 09:38:47,,2006-05-15,151-836,서울특별시 관악구 봉천동 875-1 관악캠퍼스타워오피스텔 501호,CDFI2260012006000002,3200000,,,주거지역,"서울특별시 관악구 남부순환로 1802,  501호 (봉천동,관악캠퍼스타워오피스텔)",,03,폐업,,,기타,,,,,,,,,
,근린생활시설,(주)매크로투어,,,2021-12-31,50000000,198284.078546351,441368.909286824,관광사업,국내여행업,2026-05-06 22:35:44,I,03,폐업,,,,87.9,88,,,2020-09-25,2021-09-25,"한국관광협회중앙회(2,000만)",2022-01-27 14:54:49,,2006-09-07,,서울특별시 관악구 남현동 1061-18 르메이에르강남타운2,CDFI2260012006000003,3200000,,,일반상업지역,"서울특별시 관악구 과천대로 939, 르메이에르강남타운2 제1층 1-지-1호 (남현동)",08807,03,폐업,,,주택가주변,,,,,,,,,
,,(주)네오제이필,,,2007-03-21,50000000,196890.42502367,441591.91103148,관광사업,국내여행업,2026-05-06 22:35:44,I,03,폐업,,,,,,,,2006-06-27,2007-06-27,서울특별시관광협회장,2007-03-21 16:36:30,,2006-06-19,151-812,서울특별시 관악구 봉천동 1688-128,CDFI2260012006000004,3200000,,,,서울특별시 관악구 남부순환로 1949  (봉천동),,03,폐업,,,,,,,,,,,,
,기타,(주)페이트런,,,2011-08-30,50000000,195703.166818623,442189.875013819,관광사업,국내여행업,2026-05-06 22:35:45,I,03,폐업,,,,,,15,,2007-05-01,2007-05-28,한국관광협회중앙회 여행공제회,2011-08-30 11:25:23,,2006-06-22,151-811,서울특별시 관악구 봉천동 861-7 809호,CDFI2260012006000005,3200000,,,준주거지역,"서울특별시 관악구 봉천로 472,  809호 (봉천동)",,03,폐업,,,,,,,,18,3,,,
,,(주)씨티투어,,,2009-12-31,50000000,193735.829747067,442552.922888015,관광사업,국내여행업,2026-05-06 22:35:45,I,03,폐업,,,,,,,,2007-09-21,2008-09-21,,2009-12-31 13:29:19,,2007-09-17,151-015,서울특별시 관악구 신림동 1421-29 SK허브그린 212호,CDFI2260012007000002,3200000,,,,"서울특별시 관악구 신림로 344,  212호 (신림동,SK허브그린)",,03,폐업,,,,,,,,,,,,
,,합자회사 길갈로여행사,,,2021-12-31,50000000,191376.602183978,442456.748277117,관광사업,국내여행업,2026-05-06 22:35:45,I,03,폐업,,,,,,,,2019-03-01,2020-02-29,서울보증보험,2022-01-28 15:58:41,,2007-10-17,151-902,서울특별시 관악구 신림동 1643 광안빌딩 1층,CDFI2260012007000003,3200000,,,,"서울특별시 관악구 시흥대로 578 (신림동,광안빌딩 1층)",,03,폐업,,,,,,,,,,,,
,,성민여행사,,,2009-03-31,50000000,195588.796492288,442098.372819317,관광사업,국내여행업,2026-05-06 22:35:45,I,03,폐업,,,,,,,,,,,2009-03-31 10:04:51,,2008-12-19,151-836,서울특별시 관악구 봉천동 869-10 센츄리타워 1302호,CDFI2260012008000002,3200000,,,,"서울특별시 관악구 남부순환로 1808,  1302호 (봉천동,센츄리타워)",,03,폐업,,,,,,,,,,,,
,,유정열의 월드투어,,,2010-03-24,50000000,,,,국내여행업,2026-05-06 22:35:45,I,03,폐업,,,,,,,,2009-05-20,2010-05-19,서울보증보험주식회사,2010-03-24 16:21:02,,2009-05-12,,서울특별시 관악구 봉천동 870-63 신원메트로빌 1층 111호,CDFI2260012009000001,3200000,,,,,,03,폐업,,,,,,,,,,,,
,,티아이콘 투어,,,2013-05-30,30000000,193610.797201552,442281.285348422,,국내여행업,2026-05-06 22:35:45,I,03,폐업,,,,50.4,50,,,2012-01-24,2013-01-24,한국관광협회중앙회,2013-05-30 18:00:31,,2011-01-20,151-730,서울특별시 관악구 신림동 1638-32 삼모스포렉스빌딩 1004호,CDFI2260012011000001,3200000,,,,"서울특별시 관악구 신림로59길 23,  1004호 (신림동,삼모스포렉스빌딩)",,03,폐업,,,,,,,,,,,,
,근린생활시설,(주)키포유앤키월드,,,2013-11-08,30000000,191463.822484719,442329.400855484,,국내여행업,2026-05-06 22:35:45,I,03,폐업,,,,138.8,139,3,,,,,2013-11-08 18:04:23,,2011-01-25,151-903,서울특별시 관악구 신림동 1654-23 광명테크빌딩 301호,CDFI2260012011000002,3200000,,,,"서울특별시 관악구 조원로4길 6  (신림동,광명테크빌딩 301호)",,03,폐업,,,,,,,02-1661-0878,,,,,
,,주)성진월드투어,,,2021-12-31,35000000,192051.109238275,442024.867898094,,국내여행업,2026-05-06 22:35:45,I,03,폐업,,,,98.7,99,,,2020-08-24,2021-08-24,한국관광협회(이천만),2022-01-27 17:29:27,,2011-08-31,,서울특별시 관악구 신림동 1486-7 지하1층,CDFI2260012011000007,3200000,,,,"서울특별시 관악구 난곡로63길 67, 지하1층 (신림동)",08770,03,폐업,,,,,,,,,,,,
,근린생활시설,(주)태평양리조트,,,2021-12-30,,193306.240555398,443221.321009043,관광사업,국내여행업,2026-05-06 22:35:45,I,03,폐업,,,,0,0,0,,2021-01-01,2021-12-31,서울보증(삼천만),2022-01-26 16:31:03,,1999-09-16,151-830,서울특별시 관악구 봉천동 729-32 해태보라매타워 지하1층,CDFI2260012011000008,3200000,,,,"서울특별시 관악구 보라매로3길 29 (봉천동,해태보라매타워 지하1층)",,03,폐업,,,,,,,,0,0,,,
,,주식회사 큰바위,,,2016-10-14,50000000,195759.872774126,441941.015435004,,국내여행업,2026-05-06 22:35:45,I,03,폐업,,,,,,,,2012-05-03,2013-05-03,한국관광협회중앙회,2016-10-14 10:24:58,,2012-02-10,151-848,서울특별시 관악구 봉천동 856-5 대우리오슈페리움 B동 1502호,CDFI2260012012000003,3200000,,,상업지역,"서울특별시 관악구 관악로 164, B동 1502호 (봉천동,대우리오슈페리움)",,03,폐업,,,,,,,02-877-0559,,,,,
,근린생활시설,투어풀여행사,,,2014-02-18,30000000,195045.515107949,443011.455007816,,국내여행업,2026-05-06 22:35:45,I,03,폐업,,,,30.6,31,1,,2012-02-23,2013-02-22,서울보증보험,2014-02-18 17:12:29,,2010-11-09,151-778,서울특별시 관악구 봉천동 1718 벽산블루밍(아) 상가 501동 112호,CDFI2260012012000004,3200000,,,근린상업지역,,,03,폐업,,,기타,,,,,,,,,
,,(주)하나제너럴네트웍스,,,2021-12-31,30000000,195703.043681259,442094.085759338,,국내여행업,2026-05-06 22:35:45,I,03,폐업,,,,,,,,2019-04-20,2020-04-19,서울보증보험주식회사,2022-01-27 14:39:11,,2012-04-20,151-836,서울특별시 관악구 봉천동 862-1 에그옐로우10층7호,CDFI2260012012000005,3200000,,,,"서울특별시 관악구 남부순환로 1820 (봉천동,에그옐로우10층7호)",,03,폐업,,,,,,,02-1599-1420,,,,,
,,글로벌카운티여행사,,,2013-05-28,30000000,196409.202870272,441837.788616059,,국내여행업,2026-05-06 22:35:45,I,03,폐업,,,,,,,,2012-05-25,2013-05-25,한국관광협회중앙회,2013-05-28 14:24:15,,2012-05-17,151-849,서울특별시 관악구 봉천동 1680-11 오피스19빌딩2층 E25호,CDFI2260012012000006,3200000,,,,"서울특별시 관악구 남부순환로 1895,  E25호 (봉천동,오피스19빌딩2층)",,03,폐업,,,,,,,,,,,,
,사무실,(주)플라이어스,,,2013-04-24,90000000,195685.29182886,441856.363977508,,국내여행업,2026-05-06 22:35:45,I,03,폐업,,,,49.5,50,3,,2012-08-07,2013-08-07,한국관광협회중앙회,2013-04-24 18:02:33,,2012-08-01,151-846,서울특별시 관악구 봉천동 1569-4 3층 306호,CDFI2260012012000007,3200000,,,일반상업지역,"서울특별시 관악구 쑥고개로 139, 3층 306호 (봉천동)",,03,폐업,,,,,,,,5,,,,
,,(주)착한여행,,,2016-03-24,100000000,195735.015499873,441713.266468936,,국내여행업,2026-05-06 22:35:45,I,03,폐업,,,,,,,,2015-10-23,2016-10-22,서울보증보험주식회사,2016-03-24 12:46:22,,2011-03-18,151-835,서울특별시 관악구 봉천동 1597-17 3층,CDFI2260012012000009,3200000,,,,"서울특별시 관악구 관악로 140, 3층 (봉천동)",08791,03,폐업,,,,,,,02-701-9071,,,,,
,,서울오라토리오 Culture Tour21,,,2021-12-31,,195734.652923861,441754.056240254,관광사업,국내여행업,2026-05-06 22:35:45,I,03,폐업,,,,,,,,2019-07-16,2020-07-15,서울보증보험,2022-01-26 18:04:44,,2005-05-25,151-835,"서울특별시 관악구 봉천동 1597-1 우남네오폴리스,지층",CDFI2260012013000001,3200000,,,,"서울특별시 관악구 관악로 144, 지층 (봉천동, 우남네오폴리스)",08791,03,폐업,,,,,,,,,,,,
,,(주)우리세이,,,2022-03-08,100000000,194092.723561845,442463.469814375,,국내여행업,2026-05-06 22:35:45,I,03,폐업,,,,,,,,2012-07-24,2013-07-24,한국관광협회,2022-03-08 14:12:03,,2010-06-23,151-852,서울특별시 관악구 신림동 1411-10,CDFI2260012013000002,3200000,,,,서울특별시 관악구 남부순환로190길 6 (신림동),08779,03,폐업,,,,,,,02-8703-8691,,,,,
,,(주)해뜰날,,,2014-08-28,100000000,191592.154183574,442041.324924024,,국내여행업,2026-05-06 22:35:45,I,03,폐업,,,,,,,,2013-09-02,2014-09-01,서울보증보험주식회사,2014-08-29 09:32:19,,2013-08-28,151-877,서울특별시 관악구 신림동 572-5 5층,CDFI2260012013000003,3200000,,,,"서울특별시 관악구 남부순환로 1395, 5층 (신림동)",,03,폐업,,,,,,,,,,,,
,,삼모흥업 주식회사,,,2014-10-08,550000000,193610.797201552,442281.285348422,,국내여행업,2026-05-06 22:35:45,I,03,폐업,,,,,,,,2013-10-08,2014-10-08,한국관광협회중앙회,2014-10-08 16:52:14,,2013-10-01,151-730,서울특별시 관악구 신림동 1638-32 지하1층,CDFI2260012013000004,3200000,,,,"서울특별시 관악구 신림로59길 23, 지하1층 (신림동)",,03,폐업,,,,,,,02-871-1131,,,,,
,,(주)신나라투어,,,2014-04-14,90000000,195588.796492288,442098.372819317,,국내여행업,2026-05-06 22:35:45,I,03,폐업,,,,,,,,2010-02-08,2011-02-08,여행공제회,2014-04-14 17:17:48,,2010-02-05,151-836,서울특별시 관악구 봉천동 869-10 관악센츄리타워 711호,CDFI2260012013000006,3200000,,,,서울특별시 관악구 남부순환로 1808 (봉천동),,03,폐업,,,,,,,1599-5534,,,,,
,사무실,옥스포드교육(주),,,2022-04-21,700000000,191131.049995846,442106.666555007,,국내여행업,2026-05-06 22:35:45,I,03,폐업,,,,,,,,2011-04-04,2012-04-03,서울보증보험,2022-04-21 11:02:46,,2011-04-04,151-903,서울특별시 관악구 신림동 1666-56 304호,CDFI2260012013000007,3200000,,,,"서울특별시 관악구 시흥대로 536-1, 304호 (신림동, 대동빌딩)",,03,폐업,,,,,,,02-588-3499,,,,,
,,가나여행사 주식회사,,,2015-01-21,31276000,195804.194621827,441971.494110652,,국내여행업,2026-05-06 22:35:45,I,03,폐업,,,,,,,,2014-01-14,2015-01-13,서울보증보험주식회사,2015-01-22 08:50:24,,2014-01-03,151-057,서울특별시 관악구 봉천동 854-5,CDFI2260012014000001,3200000,,,,"서울특별시 관악구 남부순환로224길 21, 103호 (봉천동, 예은빌딩)",,03,폐업,,,,,,,,,,,,
,,(주)색다른여행,,,2021-12-31,60000000,194388.623587568,442386.786962966,,국내여행업,2026-05-06 22:35:45,I,03,폐업,,,,,,,,2021-07-15,2022-07-14,서울보증보험사,2022-01-27 14:47:15,,2014-07-03,151-799,서울특별시 관악구 신림동 10-622 성우아파트상가 111동 1호,CDFI2260012014000004,3200000,,,,"서울특별시 관악구 남부순환로198길 7, 111동 1호 (신림동, 성우아파트상가)",08780,03,폐업,,,,,,,,,,,,
,근린생활시설,주식회사 루멘투어,,,2021-12-31,30000000,193746.833837509,442510.775085572,,국내여행업,2026-05-06 22:35:46,I,03,폐업,,,,,,15,,2021-02-16,2022-02-15,서울보증(이천만),2022-01-25 17:27:32,,2016-02-05,,서울특별시 관악구 신림동 1422-5,CDFI2260012016000001,3200000,,,일반상업지역,"서울특별시 관악구 신림로 340, 7층 에이712호 (신림동, 르네상스복합쇼핑몰)",08754,03,폐업,,,유흥업소밀집지역,,,,,22,7,,,
,사무실,주식회사 단하나여행,,,2021-12-31,90000000,193610.797201552,442281.285348422,,국내여행업,2026-05-06 22:35:46,I,03,폐업,,,,16.5,17,13,,2021-07-01,2022-06-30,서울보증보험,2022-01-25 07:29:24,,2017-04-20,,서울특별시 관악구 신림동 1638-32 1층,CDFI2260012017000001,3200000,,,일반상업지역,"서울특별시 관악구 신림로59길 23, 1층 (신림동, 삼모스포렉스)",08776,03,폐업,,,유흥업소밀집지역,,,,,13,3,,,
,근린생활시설,(주)신성관광,,,2020-11-20,15000000,193764.761470624,442488.438980658,,국내여행업,2026-05-06 22:35:46,I,03,폐업,,,,62.4,62,5,,,,,2020-11-20 12:35:21,,2018-04-30,,서울특별시 관악구 신림동 1422-38,CDFI2260012018000001,3200000,,,일반상업지역,"서울특별시 관악구 남부순환로 1617, 2층 (신림동)",08754,03,폐업,,,유흥업소밀집지역,,,,02-872-7744,6,1,,,
,근린생활시설,주식회사 엔젤인,,,2023-05-25,27906000,193643.274303943,442230.03574985,,국내여행업,2026-05-06 22:35:46,I,03,폐업,,,,30.8,31,26,,,,,2023-05-25 13:52:00,,2018-04-30,,서울특별시 관악구 신림동 1638-1 삼모더프라임타워 1108호,CDFI2260012018000002,3200000,,,일반상업지역,"서울특별시 관악구 신원로 35, 삼모더프라임타워 1108호 (신림동)",08776,03,폐업,,,유흥업소밀집지역,,,,,34,8,,,
,,한국관광젯트여행(주),,,2018-12-27,,191182.000480527,442181.791890078,관광사업,국내여행업,2026-05-06 22:35:46,I,03,폐업,,,,,,,,,,,2018-12-27 17:22:31,,2003-04-01,151-903,서울특별시 관악구 신림동 1666 남문빌딩2층,CDFI2260012018000003,3200000,,,,,,03,폐업,,,,,,,34778200,,,,,
,사무실,HKC,2250264456,,2019-12-13,50000000,198038.813567583,441507.220728356,관광사업,국내여행업,2026-05-06 22:35:46,I,03,폐업,National TRAVEL BUSINESS,HKC,,113.5,114,1,,2017-01-01,2021-12-31,서울보증보험주식회사,2019-12-13 09:21:31,,2006-03-27,,서울특별시 관악구 남현동 1064-3,CDFI2260012018000004,3200000,,,관리지역,"서울특별시 관악구 남현1길 20, 4층 (남현동)",08806,03,폐업,,,기타,,,,,1,,,,
,,(주)명석관광,,,2021-12-31,150000000,192429.160875861,442856.622644707,관광사업,국내여행업,2026-05-06 22:35:46,I,03,폐업,National TRAVEL BUSINESS,MyeongseokTour Inc.,,,,,,2019-05-01,2020-04-30,"서울보증보험(20,000,000)",2022-01-28 15:53:06,,2001-06-22,,서울특별시 관악구 신림동 498-45,CDFI2260012019000001,3200000,,,,"서울특별시 관악구 신사로 116-1, 한양빌딩 B1-2호 (신림동)",08702,03,폐업,,,,,,,02-732-0033,,,,,
,,주식회사 피터팬여행사,,,2021-12-31,50000000,198374.473281221,441033.513044892,관광사업,국내여행업,2026-05-06 22:35:46,I,03,폐업,,,,,,,,2021-05-06,2022-05-06,한국관광협회중앙회 관광공제회,2022-01-26 16:38:40,,2006-04-28,,서울특별시 관악구 남현동 612-51 남현프라자 지하2층,CDFI2260012020000001,3200000,,,,"서울특별시 관악구 과천대로 909, 남현프라자 지하2층 (남현동)",08808,03,폐업,,,,,,,02-534-3210,,,,,
,,신림 여행사,,,2023-11-29,15000000,192597.407974484,442498.617590296,,국내여행업,2026-05-06 22:35:46,I,03,폐업,,,,,,,,2021-08-08,2022-08-07,,2023-11-29 10:05:27,,2020-07-29,,서울특별시 관악구 신림동 505-1 신림종합시장,CDFI2260012020000002,3200000,,,,"서울특별시 관악구 남부순환로157길 63, 신림종합시장 (신림동)",08762,03,폐업,,,,,,,,,,,,
,,천연애 여행사,,,2022-09-23,15000000,192574.781517773,442730.736291767,,국내여행업,2026-05-06 22:35:46,I,03,폐업,,,,,,,,2022-08-23,2023-08-22,서울보증보험(2천만),2022-09-30 10:09:38,,2020-11-19,,서울특별시 관악구 신림동 494-36 1층,CDFI2260012020000003,3200000,,,,"서울특별시 관악구 관천로19길 93, 1층 (신림동)",08705,03,폐업,,,,,,,02-852-6888,,,,,
,,행정자치연수원,,,2021-12-31,45000000,194350.166038647,440698.444186102,,국내여행업,2026-05-06 22:35:46,I,03,폐업,,,,,,,,,,,2022-01-28 15:40:44,,2020-01-20,,서울특별시 관악구 신림동 1542-3 301호,CDFI2260012020000004,3200000,,,,"서울특별시 관악구 호암로22길 76, 301호 (신림동)",08819,03,폐업,,,,,,,02-2637-2260,,,,,
,,브이랜딩(V.Landing),,,2022-09-22,15000000,195133.96436704,442326.105241807,,국내여행업,2026-05-06 22:35:46,I,03,폐업,,,,110,110,,,2021-09-30,2022-09-29,서울보증보험주식회사,2022-09-22 16:48:40,,2021-09-28,,서울특별시 관악구 봉천동 911-25 뉴파즈빌딩 502호,CDFI2260012021000001,3200000,,,,"서울특별시 관악구 봉천로 411-1, 뉴파즈빌딩 502호 (봉천동)",08752,03,폐업,,,,,,,,,,,,
,,디에고베이스볼,,,2025-10-27,15100000,194245.682865547,440665.37114621,,국내여행업,2026-05-06 22:35:46,I,03,폐업,Domestic tarvel business,diegobaseball,,,,,,2025-03-27,2026-03-27,관광협회중앙회(2천만원),2025-10-27 18:08:27,,2025-03-26,,서울특별시 관악구 신림동 1545-1,CDFI2260012025000001,3200000,,,,"서울특별시 관악구 신림로19길 49, 지층 (신림동)",08819,03,폐업,,,,,,,,,,,,
