사업장명,업태구분명,폐업일자,좌표X,좌표Y,데이터갱신시점,데이터갱신구분,상세영업상태코드,상세영업상태명,총면적,의료인수,입원실수,최종수정시점,인허가취소일자,인허가일자,소재지우편번호,지번주소,진료과목내용,진료과목내용명,의료기관종별명,관리번호,개방자치단체코드,도로명주소,도로명우편번호,영업상태구분코드,영업상태명,병상수,휴업시작일자,휴업종료일자,소재지전화번호
서현치과의원,치과의원,2012-07-10,201522.175825751,458722.544970762,2026-05-06 22:00:29,I,03,폐업,96.7,1,0,2012-07-10 10:51:47,,2007-08-28,142-070,서울특별시 강북구 수유동 57번지 116호,401,치과,치과의원,PHMA120073080033041100018,3080000,서울특별시 강북구 삼양로 308 (수유동),,03,폐업,0,,,02-945-2879
오라클성형외과의원,의원,2013-05-29,202558.581755334,456709.916330722,2026-05-06 22:00:29,I,03,폐업,117,2,0,2013-05-28 16:22:12,,2007-10-05,142-805,서울특별시 강북구 송천동 58번지,108,성형외과,의원,PHMA120073080033041100019,3080000,서울특별시 강북구 도봉로 41-1 (미아동),,03,폐업,0,,,02-981-0488
민초한의원,한의원,2009-08-03,201807.838930952,457546.401262101,2026-05-06 22:00:29,I,03,폐업,108.72,1,0,2009-09-21 14:30:26,,2007-10-30,142-100,서울특별시 강북구 미아동 703번지 13호,301 304 307 308 305 302 303 306,"한방내과, 한방부인과, 한방소아과, 한방안·이비인후·피부과, 한방신경정신과, 한방재활의학과, 사상체질과, 침구과",한의원,PHMA120073080033041100022,3080000,서울특별시 강북구 삼양로 184 (미아동),,03,폐업,0,,,02-984-3637
우리들의원,의원,2010-10-04,201357.903910324,460545.815472812,2026-05-06 22:00:29,I,03,폐업,373.35,1,7,2010-10-05 10:14:04,,2007-11-14,142-879,서울특별시 강북구 수유2동 273번지 72호,101 104 105 106 113 114 122 103,"내과, 정신건강의학과, 외과, 정형외과, 신경외과, 이비인후과, 피부과, 가정의학과",의원,PHMA120073080033041100023,3080000,서울특별시 강북구 한천로 1161 (수유동),,03,폐업,29,,,02-904-0056
자연과한의원,한의원,2013-10-10,202660.557318507,456808.219751344,2026-05-06 22:00:29,I,03,폐업,158.37,1,0,2013-10-10 11:09:51,,2007-12-07,142-804,서울특별시 강북구 송중동 55번지 3호,301 304 307 302 305 308 303 306,"한방내과, 한방부인과, 한방소아과, 한방안·이비인후·피부과, 한방신경정신과, 한방재활의학과, 사상체질과, 침구과",한의원,PHMA120073080033041100025,3080000,서울특별시 강북구 도봉로10길 22 (미아동),,03,폐업,0,,,02-987-1800
소망정형외과의원,의원,2011-01-11,202092.181817703,458818.034103653,2026-05-06 22:00:29,I,03,폐업,655,2,6,2011-01-11 16:31:59,,2008-04-01,142-803,서울특별시 강북구 미아동 189번지 14호,105 106 122 104 120 101 111 116 114 115 109 108,"내과, 외과, 정형외과, 신경외과, 성형외과, 마취통증의학과, 소아청소년과, 피부과, 비뇨의학과, 영상의학과, 재활의학과, 가정의학과",의원,PHMA120083080033041100003,3080000,서울특별시 강북구 도봉로 260 (미아동),,03,폐업,26,,,02-984-7575
호일침한의원,한의원,2009-10-12,202641.157422978,456588.839527418,2026-05-06 22:00:29,I,03,폐업,240.67,2,0,2010-01-11 10:44:06,,2008-04-15,142-804,서울특별시 강북구 송중동 35번지 5호 8층,301 304 307 308 305 302 303 306,"한방내과, 한방부인과, 한방소아과, 한방안·이비인후·피부과, 한방신경정신과, 한방재활의학과, 사상체질과, 침구과",한의원,PHMA120083080033041100006,3080000,"서울특별시 강북구 도봉로 30 (미아동,8층)",,03,폐업,0,,,02-922-1117
삼정한의원,한의원,2015-07-07,202690.275279393,456906.278815683,2026-05-06 22:00:29,I,03,폐업,25.65,1,0,2020-05-29 11:26:51,,2008-04-18,142-804,서울특별시 강북구 송중동 75번지 206호,401 301 304 307 302 305 308 303 306,"한방내과, 한방부인과, 한방소아과, 한방안·이비인후·피부과, 한방신경정신과, 한방재활의학과, 사상체질과, 침구과, 치과",한의원,PHMA120083080033041100008,3080000,서울특별시 강북구 도봉로10다길 7 (미아동),,03,폐업,0,,,02-987-8575
비버리힐의원,의원,2011-06-01,202128.028000567,459379.778436598,2026-05-06 22:00:29,I,03,폐업,141.6,1,0,2011-07-01 11:06:27,,2008-11-04,142-867,서울특별시 강북구 번동 446번지 12호,108 115,"성형외과, 비뇨의학과",의원,PHMA120083080033041100015,3080000,서울특별시 강북구 도봉로 324 (번동),,03,폐업,0,,,02-904-0100
소문난한의원,한의원,2010-03-03,202252.803401789,459962.454318384,2026-05-06 22:00:29,I,03,폐업,39.5,1,0,2010-03-03 18:13:04,,2009-01-05,142-073,서울특별시 강북구 수유동 175번지 61호,301 304 307 302 305 308 303 306,"한방내과, 한방부인과, 한방소아과, 한방안·이비인후·피부과, 한방신경정신과, 한방재활의학과, 사상체질과, 침구과",한의원,PHMA120093080033041100002,3080000,서울특별시 강북구 한천로144길 26 (수유동),,03,폐업,0,,,
예손치과의원,치과의원,2010-09-28,202337.667709508,458007.760771775,2026-05-06 22:00:29,I,03,폐업,74.2,2,0,2010-09-28 17:20:44,,2009-01-09,142-100,서울특별시 강북구 미아동 126번지 4호,401,치과,치과의원,PHMA120093080033041100003,3080000,서울특별시 강북구 도봉로 174 (미아동),,03,폐업,0,,,
케어빌한의원,한의원,2013-06-21,203083.468974539,456988.612676639,2026-05-06 22:00:29,I,03,폐업,70.16,1,0,2013-06-21 17:35:54,,2009-03-31,142-751,"서울특별시 강북구 송중동 1356번지 경남아너스빌아파트 상가 207호, 208호",301 302 303 304 305 306 307 308,"한방내과, 한방부인과, 한방소아과, 한방안·이비인후·피부과, 한방신경정신과, 한방재활의학과, 사상체질과, 침구과",한의원,PHMA120093080033041100005,3080000,"서울특별시 강북구 오패산로30길 30 (미아동,경남아너스빌아파트 상가 207호, 208호)",,03,폐업,0,,,02-987-1275
강북한의원,한의원,2013-08-23,202284.420841393,459411.338550006,2026-05-06 22:00:29,I,03,폐업,176.16,1,1,2013-08-23 10:27:30,,2009-04-06,142-867,서울특별시 강북구 번1동 445번지 62호,301 304 307 302 305 308 303 306,"한방내과, 한방부인과, 한방소아과, 한방안·이비인후·피부과, 한방신경정신과, 한방재활의학과, 사상체질과, 침구과",한의원,PHMA120093080033041100007,3080000,서울특별시 강북구 오패산로 407 (번동),,03,폐업,2,,,
민자여성의원,의원,2010-03-26,201892.114537193,458840.846634921,2026-05-06 22:00:29,I,03,폐업,161.9,2,1,2010-03-26 16:23:02,,2009-04-09,142-874,서울특별시 강북구 수유1동 50번지 75호 수유대림상가 2층 201~213호,101 110 111 122 115 114 109,"내과, 마취통증의학과, 산부인과, 소아청소년과, 피부과, 비뇨의학과, 가정의학과",의원,PHMA120093080033041100008,3080000,"서울특별시 강북구 도봉로71가길 11 (수유동,수유대림상가 2층 201~213호)",,03,폐업,2,,,
강북나누리의원,의원,2009-09-01,202898.361252523,459275.9019788,2026-05-06 22:00:29,I,03,폐업,415.6,1,7,2009-09-02 10:22:23,,2009-04-13,142-865,서울특별시 강북구 번1동 455번지 13호,104 105 106 101 111,"내과, 외과, 정형외과, 신경외과, 소아청소년과",의원,PHMA120093080033041100009,3080000,서울특별시 강북구 한천로 962 (번동),,03,폐업,29,,,
백상치과의원,치과의원,2023-09-28,201931.86779129,460104.86528988,2026-05-06 22:00:30,I,03,폐업,95.4,1,0,2023-09-27 14:25:48,,2009-05-06,,서울특별시 강북구 수유동 183번지 4호 한영빌딩 201호,201 204 207 210 202 205 208 401 206 209,"구강악안면외과, 치과보철과, 소아치과, 치주과, 치과보존과, 구강내과, 구강악안면방사선과, 구강병리과, 예방치과, 치과",치과의원,PHMA120093080033041100013,3080000,"서울특별시 강북구 노해로 88, 201호 (수유동, 한영빌딩)",01051,03,폐업,0,,,
명한의원,한의원,2021-12-01,201293.240969766,460263.699623785,2026-05-06 22:00:30,I,03,폐업,117.4,2,0,2021-12-01 13:27:12,,2009-05-13,142-073,서울특별시 강북구 수유3동 287번지 삼원빌딩 2층 1호,301 304 307 302 305 308 303 306,"한방내과, 한방부인과, 한방소아과, 한방안·이비인후·피부과, 한방신경정신과, 한방재활의학과, 사상체질과, 침구과",한의원,PHMA120093080033041100015,3080000,서울특별시 강북구 삼양로123길 1 (수유동),01030,03,폐업,0,,,
예인한의원,한의원,2010-11-22,,,2026-05-06 22:00:30,I,03,폐업,93.85,1,0,2010-11-22 16:20:58,,2009-07-08,142-090,서울특별시 강북구 우이동 279번지 84호,301 304 307 302 305 308 303 306,"한방내과, 한방부인과, 한방소아과, 한방안·이비인후·피부과, 한방신경정신과, 한방재활의학과, 사상체질과, 침구과",한의원,PHMA120093080033041100019,3080000,,,03,폐업,0,,,
민들레한의원,한의원,2022-08-29,202264.527844112,459641.639111303,2026-05-06 22:00:30,I,03,폐업,147.7,1,0,2022-08-29 13:10:23,,2009-08-20,142-878,서울특별시 강북구 수유동 191번지 6호 2층,301 304 302 305 308 303 306,"한방내과, 한방부인과, 한방소아과, 한방안·이비인후·피부과, 한방신경정신과, 한방재활의학과, 침구과",한의원,PHMA120093080033041100023,3080000,"서울특별시 강북구 도봉로 353, 2층 (수유동)",01074,03,폐업,0,,,
굿모닝서울안과의원,의원,2014-05-31,202185.073355103,459465.357616831,2026-05-06 22:00:30,I,03,폐업,171.16,2,0,2014-05-30 18:18:13,,2009-08-24,142-867,서울특별시 강북구 번1동 446번지 50호,108 112 101,"내과, 성형외과, 안과",의원,PHMA120093080033041100024,3080000,서울특별시 강북구 도봉로 334 (번동),,03,폐업,0,,,02-906-7575
예은암의원,의원,2015-06-02,202577.42703245,459918.423713964,2026-05-06 22:00:30,I,03,폐업,648.92,1,18,2015-06-22 17:53:24,,2009-09-25,142-868,서울특별시 강북구 번1동 465번지 87호,101 122,"내과, 가정의학과",의원,PHMA120093080033041100026,3080000,서울특별시 강북구 도봉로 394 (번동),,03,폐업,29,,,02-997-7333
호일침한의원,한의원,2012-01-31,202641.157422978,456588.839527418,2026-05-06 22:00:30,I,03,폐업,240.77,1,0,2012-01-31 17:50:08,,2009-10-12,142-804,서울특별시 강북구 송중동 35번지 5호,301 302 303 304 305 306 307 308,"한방내과, 한방부인과, 한방소아과, 한방안·이비인후·피부과, 한방신경정신과, 한방재활의학과, 사상체질과, 침구과",한의원,PHMA120093080033041100027,3080000,서울특별시 강북구 도봉로 30 (미아동),,03,폐업,0,,,
새봄안과의원,의원,2013-04-26,202329.780606404,458031.390557917,2026-05-06 22:00:30,I,03,폐업,172.81,1,0,2015-07-23 09:20:19,,2009-11-30,142-807,서울특별시 강북구 미아동 125번지 25호,101 114 122 111 113 112,"내과, 소아청소년과, 안과, 이비인후과, 피부과, 가정의학과",의원,PHMA120093080033041100030,3080000,서울특별시 강북구 도봉로 178 (미아동),,03,폐업,0,,,02-981-5111
연세치과의원,치과의원,2022-12-12,202301.896655504,457919.42367741,2026-05-06 22:00:30,I,03,폐업,136.6,1,0,2022-12-12 11:47:05,,2009-12-04,142-814,서울특별시 강북구 미아동 310번지 4호 아름빌딩 202호,401,치과,치과의원,PHMA120093080033041100032,3080000,"서울특별시 강북구 도봉로 167, 202호 (미아동, 아름빌딩)",01171,03,폐업,0,,,02-941-8999
참사랑의 치과의원,치과의원,2010-06-03,201941.615819873,458657.557598305,2026-05-06 22:00:30,I,03,폐업,72.69,1,0,2010-06-03 16:37:35,,2009-12-09,142-810,서울특별시 강북구 미아동 217번지 106호 2층,401,치과,치과의원,PHMA120093080033041100033,3080000,"서울특별시 강북구 도봉로67길 29 (미아동,2층)",,03,폐업,0,,,
사단법인 한국신장장애인협회 번동의원,의원,2011-10-31,202898.361252523,459275.9019788,2026-05-06 22:00:30,I,03,폐업,448.2,1,7,2012-01-25 18:12:04,,2009-12-23,142-865,서울특별시 강북구 번1동 455번지 13호,101 104 105 111 114 115 113,"내과, 외과, 정형외과, 소아청소년과, 이비인후과, 피부과, 비뇨의학과",의원,PHMA120093080033041100035,3080000,서울특별시 강북구 한천로 962 (번동),,03,폐업,29,,,02-907-0154
길맨비뇨기과의원,의원,2010-03-26,202139.326641492,459501.147199015,2026-05-06 22:00:30,I,03,폐업,233.76,1,0,2010-03-26 14:24:02,,2010-01-26,142-878,서울특별시 강북구 수유3동 229번지 5호,115,비뇨의학과,의원,PHMA120103080033041100005,3080000,서울특별시 강북구 도봉로 333 (수유동),,03,폐업,0,,,33925855
김승헌신경외과의원,의원,2013-05-31,201839.42546198,457342.214452314,2026-05-06 22:00:30,I,03,폐업,194.43,1,0,2013-05-31 10:57:12,,2010-02-24,142-827,서울특별시 강북구 송천동 682번지 11호,101 106 105 109 120,"내과, 정형외과, 신경외과, 마취통증의학과, 재활의학과",의원,PHMA120103080033041100008,3080000,서울특별시 강북구 삼양로 162 (미아동),,03,폐업,0,,,02-980-8275
마루마취통증의학과의원,의원,2018-01-08,202155.401317068,459411.940883021,2026-05-06 22:00:30,I,03,폐업,67.55,1,0,2018-01-08 17:38:54,,2010-03-18,142-703,서울특별시 강북구 번동 446번지 13호 가든타워빌딩 310호,105 106 109 122,"정형외과, 신경외과, 마취통증의학과, 가정의학과",의원,PHMA120103080033041100010,3080000,"서울특별시 강북구 도봉로 328, 310호 (번동, 가든타워빌딩)",01062,03,폐업,0,,,02-926-3200
이일영치과의원,치과의원,2010-07-16,203681.897120967,458426.110674683,2026-05-06 22:00:30,I,03,폐업,89.45,1,0,2010-07-16 11:30:23,,2010-03-24,142-063,서울특별시 강북구 번3동 272번지 3호 3층,401,치과,치과의원,PHMA120103080033041100012,3080000,"서울특별시 강북구 한천로109길 27 (번동,3층)",,03,폐업,0,,,
연세스퀘어의원,의원,2024-03-10,202624.617262819,456818.85207077,2026-05-06 22:00:30,I,03,폐업,178.4,1,0,2024-02-28 13:21:54,,2010-04-26,,서울특별시 강북구 미아동 1364번지,122 114,"피부과, 가정의학과",의원,PHMA120103080033041100017,3080000,"서울특별시 강북구 도봉로 52, 6층 (미아동, 와이스케어빌딩)",01215,03,폐업,0,,,02-985-7512
연세의원,의원,2011-01-17,201704.450479355,459149.604395044,2026-05-06 22:00:30,I,03,폐업,163.62,1,0,2011-01-17 13:20:15,,2010-05-27,142-891,서울특별시 강북구 인수동 47번지 52호,101 110 120,"내과, 산부인과, 재활의학과",의원,PHMA120103080033041100020,3080000,서울특별시 강북구 덕릉로 59 (수유동),,03,폐업,0,,,02-999-4266
승진내과의원,의원,2015-05-01,201610.492505795,457520.543237061,2026-05-06 22:00:30,I,03,폐업,129.4,1,0,2015-05-01 14:07:14,,2010-06-09,142-821,서울특별시 강북구 삼양동 701번지 5호,101,내과,의원,PHMA120103080033041100022,3080000,서울특별시 강북구 솔샘로 237 (미아동),,03,폐업,0,,,
밀레니엄치과의원,치과의원,2015-08-31,202536.541879297,456758.813670659,2026-05-06 22:00:30,I,03,폐업,577.5,3,0,2015-08-31 16:52:10,,2010-06-25,142-724,서울특별시 강북구 미아동 60번지 5호,401,치과,치과의원,PHMA120103080033041100023,3080000,서울특별시 강북구 도봉로 45 (미아동),01211,03,폐업,0,,,
광산한의원,한의원,2010-12-02,201897.940868829,460144.594236497,2026-05-06 22:00:30,I,03,폐업,70.83,1,0,2010-12-02 11:21:30,,2010-09-08,142-877,서울특별시 강북구 수유2동 231번지 1호 광산빌딩 3층,301 304 307 302 305 308 303 306,"한방내과, 한방부인과, 한방소아과, 한방안·이비인후·피부과, 한방신경정신과, 한방재활의학과, 사상체질과, 침구과",한의원,PHMA120103080033041100026,3080000,"서울특별시 강북구 노해로 87 (수유동,광산빌딩 3층)",,03,폐업,0,,,
미소치과의원,치과의원,2025-02-28,202264.527844112,459641.639111303,2026-05-06 22:00:30,I,03,폐업,155,1,0,2025-04-25 17:56:02,,2010-10-04,,,403 404 405 406 407 408 411,"치과보철과, 치과교정과, 소아치과, 치주과, 치과보존과, 구강내과, 예방치과",치과의원,PHMA120103080033041100028,3080000,"서울특별시 강북구 도봉로 353, 4층 (수유동)",01074,03,폐업,0,,,02-907-8488
지성한의원,한의원,2011-01-03,202906.457693916,457109.252372127,2026-05-06 22:00:30,I,03,폐업,169.54,1,3,2011-01-03 13:18:01,,2010-10-05,142-100,서울특별시 강북구 미아동 87번지 54호 4층,301 302 303 304 308 306,"한방내과, 한방부인과, 한방소아과, 한방안·이비인후·피부과, 한방재활의학과, 침구과",한의원,PHMA120103080033041100029,3080000,"서울특별시 강북구 오현로 32 (미아동,4층)",,03,폐업,14,,,02-980-7588
번창한의원,한의원,2011-01-31,203518.852697746,458405.639559005,2026-05-06 22:00:30,I,03,폐업,165,1,0,2011-01-31 18:48:56,,2010-12-03,142-063,서울특별시 강북구 번3동 300번지,301 302 303 305 308,"한방내과, 한방부인과, 한방소아과, 한방신경정신과, 침구과",한의원,PHMA120103080033041100032,3080000,서울특별시 강북구 오현로32길 28 (번동),,03,폐업,0,,,02-983-4416
경희마갑영한의원,한의원,2014-07-31,202306.602478382,458104.788917208,2026-05-06 22:00:30,I,03,폐업,131.3,1,0,2014-07-31 18:00:33,,2010-12-10,142-807,서울특별시 강북구 미아동 125번지 28호 6층,308 303 307,"한방소아과, 사상체질과, 침구과",한의원,PHMA120103080033041100033,3080000,서울특별시 강북구 도봉로 186 (미아동),,03,폐업,0,,,02-985-2491
서울참메디의원,의원,2011-09-15,201357.903910324,460545.815472812,2026-05-06 22:00:30,I,03,폐업,542.67,2,7,2011-09-15 15:02:08,,2010-12-20,142-879,서울특별시 강북구 수유2동 273번지 72호,105 120 102 101 104 114 115 111,"내과, 신경과, 외과, 정형외과, 소아청소년과, 피부과, 비뇨의학과, 재활의학과",의원,PHMA120103080033041100034,3080000,서울특별시 강북구 한천로 1161 (수유동),,03,폐업,29,,,02-904-0056
유디미아치과의원,치과의원,2012-08-01,202641.157422978,456588.839527418,2026-05-06 22:00:30,I,03,폐업,225.49,1,0,2012-08-01 11:07:55,,2010-12-24,142-804,서울특별시 강북구 송중동 35번지 5호 에코피아빌딩 9층,401,치과,치과의원,PHMA120103080033041100035,3080000,"서울특별시 강북구 도봉로 30 (미아동,에코피아빌딩 9층)",,03,폐업,0,,,
룡한의원,한의원,2013-12-06,202647.392362253,456612.367866076,2026-05-06 22:00:30,I,03,폐업,155.11,1,0,2013-12-06 11:11:28,,2011-01-11,142-804,서울특별시 강북구 송중동 35번지 30호 동주빌딩 2층,301 303 306 302 308,"한방내과, 한방부인과, 한방소아과, 한방재활의학과, 침구과",한의원,PHMA120113080033041100001,3080000,"서울특별시 강북구 도봉로 32 (미아동,동주빌딩 2층)",,03,폐업,0,,,02-945-0011
메이디여성의원,의원,2015-08-18,202641.157422978,456588.839527418,2026-05-06 22:00:30,I,03,폐업,195.54,2,0,2015-08-18 11:33:55,,2011-01-25,142-804,서울특별시 강북구 미아동 35번지 5호,110 116 101 111 122,"내과, 산부인과, 소아청소년과, 영상의학과, 가정의학과",의원,PHMA120113080033041100003,3080000,"서울특별시 강북구 도봉로 30, 3층 (미아동, 에코피아빌딩)",01220,03,폐업,0,,,
호림의원,의원,2018-04-09,201300.088496013,459084.66393814,2026-05-06 22:00:30,I,03,폐업,47.04,1,0,2018-04-09 10:36:46,,2011-02-10,,서울특별시 강북구 수유동 451번지 104호,101 104 111 114 113 112 110 109,"내과, 외과, 마취통증의학과, 산부인과, 소아청소년과, 안과, 이비인후과, 피부과",의원,PHMA120113080033041100006,3080000,서울특별시 강북구 덕릉로 17 (수유동),01094,03,폐업,0,,,02-902-1558
행복을여는의원,의원,2011-05-02,203746.119397218,458437.076181289,2026-05-06 22:00:30,I,03,폐업,164.19,1,0,2011-05-02 16:25:07,,2011-03-02,142-060,서울특별시 강북구 번동 269번지 2호,101 104 111 115,"내과, 외과, 소아청소년과, 비뇨의학과",의원,PHMA120113080033041100008,3080000,서울특별시 강북구 한천로109길 13 (번동),,03,폐업,0,,,
참좋은 마취통증의학과의원,의원,2022-02-16,201807.838930952,457546.401262101,2026-05-06 22:00:30,I,03,폐업,390.76,1,1,2023-02-17 15:56:53,,2011-03-03,142-821,서울특별시 강북구 미아동 703번지 13호 유유빌딩 3층 301호,105 109 120 106,"정형외과, 신경외과, 마취통증의학과, 재활의학과",의원,PHMA120113080033041100010,3080000,"서울특별시 강북구 삼양로 184, 3층 301호 (미아동)",01174,03,폐업,2,,,02-982-0038
지성한의원,한의원,2012-09-10,202906.457693916,457109.252372127,2026-05-06 22:00:30,I,03,폐업,107.83,1,2,2012-09-10 16:14:21,,2011-03-22,142-800,서울특별시 강북구 송중동 87번지 54호,308 302 301 303 306 305 304,"한방내과, 한방부인과, 한방소아과, 한방안·이비인후·피부과, 한방신경정신과, 한방재활의학과, 침구과",한의원,PHMA120113080033041100011,3080000,서울특별시 강북구 오현로 32 (미아동),,03,폐업,5,,,02-980-7588
청솔한의원,한의원,2015-03-26,202252.803401789,459962.454318384,2026-05-06 22:00:30,I,03,폐업,43.28,1,0,2015-03-26 10:49:30,,2011-04-04,142-876,서울특별시 강북구 수유3동 175번지 61호,301 304 307 302 305 308 306 303,"한방내과, 한방부인과, 한방소아과, 한방안·이비인후·피부과, 한방신경정신과, 한방재활의학과, 사상체질과, 침구과",한의원,PHMA120113080033041100012,3080000,서울특별시 강북구 한천로144길 26 (수유동),,03,폐업,0,,,02-900-8050
강북성모의원,의원,2011-08-31,201908.780881833,456922.034775216,2026-05-06 22:00:30,I,03,폐업,85.38,1,0,2011-08-31 10:13:07,,2011-04-29,142-817,"서울특별시 강북구 송천동 637번지 183호 지하1층, 지상2층",101 111 105 104 114 110 113,"내과, 외과, 정형외과, 산부인과, 소아청소년과, 이비인후과, 피부과",의원,PHMA120113080033041100014,3080000,"서울특별시 강북구 삼양로 120 (미아동,지하1층, 지상2층)",,03,폐업,0,2011-07-30,2011-10-30,02-989-8256
바른정재활의학과의원,의원,2021-11-03,202069.998107422,458659.449006928,2026-05-06 22:00:30,I,03,폐업,197.39,1,0,2022-06-21 15:09:07,,2011-05-16,142-100,서울특별시 강북구 미아동 202번지 13호 수메디칼빌딩 4층,105 120 109 106,"정형외과, 신경외과, 마취통증의학과, 재활의학과",의원,PHMA120113080033041100015,3080000,"서울특별시 강북구 도봉로 245, 4층 (미아동, 수메디칼빌딩)",01118,03,폐업,0,,,02-980-3535
우리-효치과의원,치과의원,2012-09-21,201396.084505776,459875.639271846,2026-05-06 22:00:30,I,03,폐업,82.5,1,0,2012-09-21 18:12:13,,2011-06-28,142-882,서울특별시 강북구 인수동 360번지 20호 3층,401,치과,치과의원,PHMA120113080033041100017,3080000,"서울특별시 강북구 삼양로 423 (수유동,3층)",,03,폐업,0,,,02-900-5270
천을한의원,한의원,2015-10-30,202635.07229069,456360.433254943,2026-05-06 22:00:30,I,03,폐업,70.48,1,0,2015-10-30 14:28:33,,2011-08-01,142-804,서울특별시 강북구 미아동 42번지 11호 덕신빌딩 3층,301 304 307 302 303 306 308,"한방내과, 한방부인과, 한방소아과, 한방안·이비인후·피부과, 한방재활의학과, 사상체질과, 침구과",한의원,PHMA120113080033041100020,3080000,"서울특별시 강북구 월계로 3, 3층 (미아동, 덕신빌딩)",01220,03,폐업,0,,,02-516-5199
행복한치과의원,치과의원,2023-03-20,201344.085090197,460251.721519245,2026-05-06 22:00:30,I,03,폐업,101.61,1,0,2023-08-24 16:59:08,,2011-09-29,142-877,서울특별시 강북구 수유동 316번지 11호 2층,401,치과,치과의원,PHMA120113080033041100026,3080000,"서울특별시 강북구 삼양로 464, 2층 (수유동)",01039,03,폐업,0,,,
페리오플란트치과의원,치과의원,2015-06-01,202161.713200419,459517.092978228,2026-05-06 22:00:30,I,03,폐업,198.2,1,0,2015-05-26 15:22:31,,2011-10-06,142-878,서울특별시 강북구 수유3동 229번지 4호 3층,401,치과,치과의원,PHMA120113080033041100027,3080000,서울특별시 강북구 도봉로 337 (수유동),,03,폐업,0,,,
해드림의원,의원,2019-11-14,202898.361252523,459275.9019788,2026-05-06 22:00:31,I,03,폐업,448.2,1,6,2019-11-14 15:10:00,,2011-12-06,142-865,서울특별시 강북구 번1동 455번지 13호,101 104 105 107 111 113 116 120,"내과, 외과, 정형외과, 심장혈관흉부외과, 소아청소년과, 이비인후과, 영상의학과, 재활의학과",의원,PHMA120113080033041100030,3080000,서울특별시 강북구 한천로 962 (번동),01061,03,폐업,27,,,02-907-0154
진의원,의원,2013-12-09,202317.064607714,459590.573498344,2026-05-06 22:00:31,I,03,폐업,79.72,1,0,2014-06-09 14:19:23,,2011-12-08,142-864,서울특별시 강북구 번1동 418번지 3호 효성네오인텔리안  303호,109 122,"마취통증의학과, 가정의학과",의원,PHMA120113080033041100031,3080000,서울특별시 강북구 도봉로 352 (번동),,03,폐업,0,,,02-904-0021
하얀의원,의원,2014-07-09,202317.064607714,459590.573498344,2026-05-06 22:00:31,I,03,폐업,64,1,0,2014-07-09 16:33:46,,2011-12-13,142-864,서울특별시 강북구 번1동 418번지 3호 효성네오인텔리안  204호,114 122,"피부과, 가정의학과",의원,PHMA120113080033041100033,3080000,"서울특별시 강북구 도봉로 352 (번동, 효성네오인텔리안 204호)",,03,폐업,0,,,02-900-0303
강북성모의원,의원,2012-08-03,201908.780881833,456922.034775216,2026-05-06 22:00:31,I,03,폐업,45.1,1,0,2012-08-03 17:24:34,,2011-12-22,142-100,서울특별시 강북구 송천동 637번지 183호,101 104 111,"내과, 외과, 소아청소년과",의원,PHMA120113080033041100035,3080000,서울특별시 강북구 삼양로 120 (미아동),,03,폐업,0,,,
호일침한의원,한의원,2012-12-15,202641.157422978,456588.839527418,2026-05-06 22:00:31,I,03,폐업,282.29,2,0,2012-12-26 13:34:05,,2012-01-27,142-100,서울특별시 강북구 미아동 35번지 5호 에코피아빌딩,301 302 303 304 305 306 307 308,"한방내과, 한방부인과, 한방소아과, 한방안·이비인후·피부과, 한방신경정신과, 한방재활의학과, 사상체질과, 침구과",한의원,PHMA120123080033041100001,3080000,"서울특별시 강북구 도봉로 30, 8층 (미아동, 에코피아빌딩)",,03,폐업,0,,,
상쾌한이비인후과의원,의원,2015-03-10,202228.431717714,458158.105668456,2026-05-06 22:00:31,I,03,폐업,140.05,1,1,2015-03-10 10:32:01,,2012-03-29,142-812,서울특별시 강북구 미아동 304번지 2호 상아빌딩 4층,101 111 113 112 120 114 109,"내과, 마취통증의학과, 소아청소년과, 안과, 이비인후과, 피부과, 재활의학과",의원,PHMA120123080033041100004,3080000,"서울특별시 강북구 도봉로 191 (미아동, 상아빌딩 4층)",,03,폐업,1,,,02-985-8877
미소치과의원,치과의원,2012-05-25,202264.527844112,459641.639111303,2026-05-06 22:00:31,I,03,폐업,155,1,0,2012-05-25 16:03:03,,2012-03-29,142-878,서울특별시 강북구 수유동 191번지 6호,207 204 202 203 201 210,"구강악안면외과, 치과보철과, 치과교정과, 소아치과, 구강내과, 예방치과",치과의원,PHMA120123080033041100005,3080000,"서울특별시 강북구 도봉로 353 (수유동, 4층)",,03,폐업,0,,,02-907-8488
라벤다의원,의원,2014-09-22,,,2026-05-06 22:00:31,I,03,폐업,47.16,1,0,2014-09-22 16:30:44,,2012-07-16,142-874,서울특별시 강북구 수유동 92번지 7호 2층,108 114 115,"성형외과, 피부과, 비뇨의학과",의원,PHMA120123080033041100012,3080000,"서울특별시 강북구 도봉로 277-1, 2층 (수유동)",,03,폐업,0,,,02-981-6868
유디미아치과의원,치과의원,2015-09-15,202641.157422978,456588.839527418,2026-05-06 22:00:31,I,03,폐업,282.29,2,0,2015-09-15 13:31:01,,2012-08-01,142-804,서울특별시 강북구 미아동 35번지 5호 에코피아빌딩 9층,401,치과,치과의원,PHMA120123080033041100013,3080000,"서울특별시 강북구 도봉로 30, 9층 (미아동, 에코피아빌딩)",01220,03,폐업,0,,,02-980-8118
푸른안과의원,의원,2013-09-13,202551.555858007,456831.729022421,2026-05-06 22:00:31,I,03,폐업,82.8,1,0,2013-09-13 11:18:33,,2012-10-10,142-805,서울특별시 강북구 미아동 61번지 81호 3층,112,안과,의원,PHMA120123080033041100015,3080000,"서울특별시 강북구 도봉로 53-0, 3층 (미아동)",,03,폐업,0,,,02-989-7855
미라온한의원,한의원,2025-03-01,202301.896655504,457919.42367741,2026-05-06 22:00:31,I,03,폐업,330.73,1,6,2025-03-05 08:58:37,,2012-10-15,,,301 302 303 304 308,"한방내과, 한방부인과, 한방소아과, 한방안·이비인후·피부과, 침구과",한의원,PHMA120123080033041100016,3080000,"서울특별시 강북구 도봉로 167, 5층 (미아동)",01171,03,폐업,10,,,02-945-8575
수유연세의원,의원,2013-02-22,202155.401317068,459411.940883021,2026-05-06 22:00:31,I,03,폐업,84,2,0,2013-02-22 11:27:43,,2012-11-23,142-703,서울특별시 강북구 번동 446번지 13호 가든타워빌딩 3층,111 113 122,"소아청소년과, 이비인후과, 가정의학과",의원,PHMA120123080033041100017,3080000,"서울특별시 강북구 도봉로 328, 3층 (번동, 가든타워빌딩 )",,03,폐업,0,,,02-992-8008
한승완내과의원,의원,2014-06-18,201056.297923916,461383.338586109,2026-05-06 22:00:31,I,03,폐업,94.61,1,0,2014-06-18 16:44:41,,2013-02-18,142-892,서울특별시 강북구 우이동 100번지 4호 2층,101 111 113,"내과, 소아청소년과, 이비인후과",의원,PHMA120133080033041100002,3080000,"서울특별시 강북구 삼양로 581-0, 2층 (우이동)",,03,폐업,0,,,02-908-2953
연세연플란트치과의원,치과의원,2025-03-21,202064.950020931,459421.354969102,2026-05-06 22:00:31,I,03,폐업,181.31,1,0,2025-03-24 13:12:05,,2013-04-26,142-878,서울특별시 강북구 수유동 230번지 10호,401,치과,치과의원,PHMA120133080033041100004,3080000,서울특별시 강북구 도봉로 323 (수유동),01073,03,폐업,0,,,02-900-1090
조커비뇨기과의원,의원,2014-12-12,202558.581755334,456709.916330722,2026-05-06 22:00:31,I,03,폐업,117,1,0,2014-12-12 10:59:55,,2013-07-30,142-805,서울특별시 강북구 미아동 58번지 0호 3층  305호,114 115,"피부과, 비뇨의학과",의원,PHMA120133080033041100006,3080000,"서울특별시 강북구 도봉로 41-1, 3층 305호 (미아동)",,03,폐업,0,,,02-981-0488
신통한의원,한의원,2017-06-19,202190.585945698,459861.017593281,2026-05-06 22:00:31,I,03,폐업,155.2,1,0,2017-06-19 17:51:46,,2013-09-04,142-876,"서울특별시 강북구 수유동 177번지 17호 2,3층",301 302 303 305 308,"한방내과, 한방부인과, 한방소아과, 한방신경정신과, 침구과",한의원,PHMA120133080033041100009,3080000,"서울특별시 강북구 한천로 1054, 2,3층 (수유동)",01054,03,폐업,0,,,02-6215-7575
용소아청소년과의원,의원,2025-11-26,201946.192775683,460204.099216494,2026-05-06 22:00:31,I,03,폐업,113.37,2,0,2025-11-26 09:26:52,,2013-10-11,142-879,서울특별시 강북구 수유동 252번지 122호 황궁빌딩 2층,101 111 112 113 114 115,"내과, 소아청소년과, 안과, 이비인후과, 피부과, 비뇨의학과",의원,PHMA120133080033041100010,3080000,"서울특별시 강북구 노해로 95-1, 2층 (수유동, 황궁빌딩)",01048,03,폐업,0,,,02-900-0114
의료법인 복지의료재단 지성한의원,한의원,2014-04-11,202906.457693916,457109.252372127,2026-05-06 22:00:31,I,03,폐업,81.07,3,1,2014-07-24 11:19:09,,2013-10-17,142-800,서울특별시 강북구 미아동 87번지 54호 지하1층,301 304 307 308 305 302 303 306 309,"한방내과, 한방부인과, 한방소아과, 한방안·이비인후·피부과, 한방신경정신과, 한방재활의학과, 사상체질과, 침구과, 한방응급과",한의원,PHMA120133080033041100011,3080000,"서울특별시 강북구 오현로 32-0, 지하1층 (미아동)",,03,폐업,8,,,02-983-7582
민정형외과의원,의원,2016-12-29,202240.855124105,458118.709572688,2026-05-06 22:00:31,I,03,폐업,132.9,1,0,2016-12-29 15:54:48,,2014-01-02,142-100,서울특별시 강북구 미아동 304번지 3호 3층,105,정형외과,의원,PHMA120143080033041100002,3080000,"서울특별시 강북구 도봉로 187, 3층 (미아동)",01170,03,폐업,0,,,02-982-2020
베리굿치과의원,치과의원,2023-08-01,202059.767194043,458691.934147962,2026-05-06 22:00:31,I,03,폐업,181.4,1,0,2023-08-01 13:14:45,,2014-04-04,142-810,서울특별시 강북구 미아동 202번지 11호,401,치과,치과의원,PHMA120143080033041100005,3080000,"서울특별시 강북구 도봉로 247-1, 4층 (미아동)",01118,03,폐업,0,,,02-982-2853
으뜸연합의원,의원,2021-04-06,201526.276594833,458084.152718216,2026-05-06 22:00:32,I,03,폐업,126.1,2,0,2021-04-07 09:12:31,,2014-04-21,,서울특별시 강북구 미아동 777번지 18호,114 113 111 109 101,"내과, 마취통증의학과, 소아청소년과, 이비인후과, 피부과",의원,PHMA120143080033041100007,3080000,"서울특별시 강북구 삼양로 241, 4층 (미아동)",01110,03,폐업,0,,,02-987-2030
미의원,의원,2015-03-16,201584.562239173,457984.365944,2026-05-06 22:00:32,I,03,폐업,172.42,1,0,2015-03-16 14:42:52,,2014-08-05,142-822,서울특별시 강북구 미아동 760번지 126호,104 108 114 122,"외과, 성형외과, 피부과, 가정의학과",의원,PHMA120143080033041100012,3080000,"서울특별시 강북구 삼양로 234-0, 3층 304호 (미아동)",,03,폐업,0,,,02-988-3888
박인재산부인과의원,의원,2015-05-10,201981.445609981,460049.781711331,2026-05-06 22:00:32,I,03,폐업,118.1,2,3,2015-05-08 17:19:50,,2014-09-12,142-872,서울특별시 강북구 수유동 182번지 37호,101 110,"내과, 산부인과",의원,PHMA120143080033041100014,3080000,"서울특별시 강북구 한천로 1082, 2층 (수유동)",,03,폐업,3,,,02-993-5385
라벤다의원,의원,2015-07-28,,,2026-05-06 22:00:32,I,03,폐업,47.16,1,0,2015-07-28 14:45:09,,2014-09-29,142-071,서울특별시 강북구 수유동 92번지 7호 2층,114 108 115,"성형외과, 피부과, 비뇨의학과",의원,PHMA120143080033041100015,3080000,"서울특별시 강북구 도봉로 277-1, 2층 (수유동)",,03,폐업,0,,,02-981-6868
라인필의원,의원,2016-12-01,202155.401317068,459411.940883021,2026-05-06 22:00:32,I,03,폐업,88.21,1,0,2016-12-01 11:34:01,,2014-11-28,142-703,서울특별시 강북구 번동 446번지 13호 가든타워오피스텔 305호,101 122 114 113 110 108,"내과, 성형외과, 산부인과, 이비인후과, 피부과, 가정의학과",의원,PHMA120143080033041100018,3080000,서울특별시 강북구 도봉로 328 (번동),01062,03,폐업,0,,,02-993-0101
예사랑소아청소년과의원,의원,2021-12-03,201598.511376716,457357.306972319,2026-05-06 22:00:32,I,03,폐업,113.15,1,0,2021-12-03 18:00:11,,2015-05-27,142-100,"서울특별시 강북구 미아동 811번지 9호 위브테라스파크 202호 일부, 203,204호",111 101 113,"내과, 소아청소년과, 이비인후과",의원,PHMA120153080033041100003,3080000,"서울특별시 강북구 삼양로27길 43 (미아동, 위브테라스파크  202호 일부, 203,204호)",01197,03,폐업,0,,,02-985-8872
서울삼성의원,의원,2016-06-23,201598.511376716,457357.306972319,2026-05-06 22:00:32,I,03,폐업,200.3,1,0,2016-06-23 17:41:41,,2015-08-26,,서울특별시 강북구 미아동 811번지 9호 위브테라스파크 502호,104 101 111 114 113 115 102 105 120 109,"내과, 신경과, 외과, 정형외과, 마취통증의학과, 소아청소년과, 이비인후과, 피부과, 비뇨의학과, 재활의학과",의원,PHMA120153080033041100019,3080000,"서울특별시 강북구 삼양로27길 43, 5층 502호 (미아동, 위브 테라스 파크)",01197,03,폐업,0,,,
서울경희한의원,한의원,2016-06-23,201598.511376716,457357.306972319,2026-05-06 22:00:32,I,03,폐업,148.2,1,0,2016-06-23 17:42:10,,2015-08-26,,서울특별시 강북구 미아동 811번지 9호 502호,301 307 304 308 305 302 303 306,"한방내과, 한방부인과, 한방소아과, 한방안·이비인후·피부과, 한방신경정신과, 한방재활의학과, 사상체질과, 침구과",한의원,PHMA120153080033041100020,3080000,"서울특별시 강북구 삼양로27길 43, 5층 502호 (미아동, 위브 테라스 파크)",01197,03,폐업,0,,,02-988-1717
밀레니엄치과의원,치과의원,2022-05-01,202536.541879297,456758.813670659,2026-05-06 22:00:32,I,03,폐업,577.5,1,0,2023-05-01 14:23:51,,2015-09-01,,서울특별시 강북구 미아동 60번지 5호,411 410 409 408 407 406 405 404 403 402,"구강악안면외과, 치과보철과, 치과교정과, 소아치과, 치주과, 치과보존과, 구강내과, 영상치의학과, 구강병리과, 예방치과",치과의원,PHMA120153080033041100022,3080000,"서울특별시 강북구 도봉로 45 (미아동, 숭인시장)",01211,03,폐업,0,,,02-980-2833
콤마가정의원,의원,2021-05-03,201300.088496013,459084.66393814,2026-05-06 22:00:32,I,03,폐업,43.72,1,0,2021-05-03 13:22:47,,2015-09-16,,서울특별시 강북구 수유동 451번지 104호,101 104 105 111 113 114 115 120 122,"내과, 외과, 정형외과, 소아청소년과, 이비인후과, 피부과, 비뇨의학과, 재활의학과, 가정의학과",의원,PHMA120153080033041100023,3080000,"서울특별시 강북구 덕릉로 17, 2층 (수유동)",01094,03,폐업,0,,,02-905-7559
서울탑치과의원,치과의원,2025-04-15,202345.404398996,459741.243959476,2026-05-06 22:00:32,I,03,폐업,139.47,1,0,2025-04-15 15:58:58,,2015-11-20,,,403 404 405 406 407 411,"치과보철과, 치과교정과, 소아치과, 치주과, 치과보존과, 예방치과",치과의원,PHMA120153080033041100027,3080000,"서울특별시 강북구 도봉로 365-0, 5층 (수유동, 스타빌딩)",01054,03,폐업,0,,,02-3297-2875
순천향한의원,한의원,2023-06-30,202479.319205881,457031.178250753,2026-05-06 22:00:32,I,03,폐업,74.7,0,0,2023-06-28 09:38:09,,2016-01-21,,서울특별시 강북구 미아동 62번지 39호,309 308 307 305 304 303 302 301,"한방내과, 한방부인과, 한방소아과, 한방안·이비인후·피부과, 한방신경정신과, 사상체질과, 침구과, 한방응급과",한의원,PHMA120163080033041100001,3080000,서울특별시 강북구 솔샘로68길 34 (미아동),01205,03,폐업,0,,,02-988-9918
바른의원,의원,2019-01-31,201602.577531291,457290.100695375,2026-05-06 22:00:32,I,03,폐업,169.03,1,0,2023-01-26 09:34:33,,2016-06-09,,서울특별시 강북구 미아동 1357번지 6호 201호,122 120 115 113 111 109 106 105 104 102 101,"내과, 신경과, 외과, 정형외과, 신경외과, 마취통증의학과, 소아청소년과, 이비인후과, 비뇨의학과, 재활의학과, 가정의학과",의원,PHMA120163080033041100009,3080000,"서울특별시 강북구 삼양로27길 35-21, 201호 (미아동, 미아프라자)",01196,03,폐업,0,,,
당진한의원,한의원,2024-10-02,202835.566217097,458135.131486746,2026-05-06 22:00:32,I,03,폐업,29.6,1,0,2024-10-02 11:37:08,,2011-05-17,,서울특별시 강북구 번동 148번지 324호 201호,301 308 306 305 307 302 303 304,"한방내과, 한방부인과, 한방소아과, 한방안·이비인후·피부과, 한방신경정신과, 한방재활의학과, 사상체질과, 침구과",한의원,PHMA120163080033041100013,3080000,"서울특별시 강북구 오현로25다길 95, 2층 201호 (번동)",01149,03,폐업,0,2024-09-01,2024-09-30,02-909-4375
진이치과의원,치과의원,2020-10-22,201476.131626277,458839.741752064,2026-05-06 22:00:33,I,03,폐업,122.69,1,0,2021-10-08 17:31:04,,2017-08-17,,서울특별시 강북구 수유동 473번지 3호,411 409 408 407 406 405 404 403 402,"구강악안면외과, 치과보철과, 치과교정과, 소아치과, 치주과, 치과보존과, 구강내과, 영상치의학과, 예방치과",치과의원,PHMA120173080033041100012,3080000,"서울특별시 강북구 삼양로 319, 3층 (수유동)",01099,03,폐업,0,,,02-982-2804
솔샘이비인후과의원,의원,2019-07-07,201359.702700461,457513.46268942,2026-05-06 22:00:33,I,03,폐업,100.48,1,1,2019-08-28 17:49:27,,2017-08-25,,서울특별시 강북구 미아동 1339번지 1호,113 111 101,"내과, 소아청소년과, 이비인후과",의원,PHMA120173080033041100014,3080000,"서울특별시 강북구 솔샘로 212, 2층 (미아동, 신영빌딩)",01193,03,폐업,1,,,02-985-5554
최강서울안과의원,의원,2025-06-23,201526.276594833,458084.152718216,2026-05-06 22:00:33,I,03,폐업,185.74,1,0,2025-06-25 09:09:58,,2017-08-28,,서울특별시 강북구 미아동 777번지 18호,112 108,"성형외과, 안과",의원,PHMA120173080033041100015,3080000,"서울특별시 강북구 삼양로 241, 5층 (미아동)",01110,03,폐업,0,,,02-987-2838
우리치과의원,치과의원,2024-12-31,202337.148434207,457806.819119783,2026-05-06 22:00:33,I,03,폐업,198,2,0,2025-01-02 15:34:32,,2019-04-29,,서울특별시 강북구 미아동 317번지 3호,411 409 408 407 406 405 403 402,"구강악안면외과, 치과보철과, 소아치과, 치주과, 치과보존과, 구강내과, 영상치의학과, 예방치과",치과의원,PHMA120193080033041100004,3080000,"서울특별시 강북구 도봉로 155, 5층 (미아동)",01171,03,폐업,0,,,02-987-2879
미아사거리정형외과의원,의원,2024-09-19,202558.581755334,456709.916330722,2026-05-06 22:00:33,I,03,폐업,435.73,1,0,2024-11-18 11:05:46,,2019-05-10,,서울특별시 강북구 미아동 58번지,105,정형외과,의원,PHMA120193080033041100005,3080000,서울특별시 강북구 도봉로 41-1 (미아동),01211,03,폐업,0,,,02-946-0505
함께돌봄가정의학과의원,의원,2020-02-28,201781.768693988,459178.785313767,2026-05-06 22:00:33,I,03,폐업,47.23,1,0,2020-02-28 16:19:07,,2018-01-31,,서울특별시 강북구 수유동 47번지 31호 대원쉐르빌아파트,122,가정의학과,의원,PHMA120193080033041100009,3080000,"서울특별시 강북구 도봉로81길 37, 101호 (수유동, 대원쉐르빌아파트)",01081,03,폐업,0,,,02-954-0125
서울우리의원,의원,2022-04-08,202898.361252523,459275.9019788,2026-05-06 22:00:33,I,03,폐업,220.6,1,0,2022-04-06 11:03:57,,2020-01-10,,서울특별시 강북구 번동 455번지 13호,122 114 111 109 105 101,"내과, 정형외과, 마취통증의학과, 소아청소년과, 피부과, 가정의학과",의원,PHMA120203080033041100002,3080000,"서울특별시 강북구 한천로 962, 2층 (번동)",01061,03,폐업,0,,,02-907-0154
수유한의원,한의원,2022-02-19,202090.002929805,459431.506851292,2026-05-06 22:00:33,I,03,폐업,228.4,1,0,2022-02-18 10:49:48,,2020-05-11,,서울특별시 강북구 수유동 229번지 15호 수성타워,308 307 306 305 304 303 302 301,"한방내과, 한방부인과, 한방소아과, 한방안·이비인후·피부과, 한방신경정신과, 한방재활의학과, 사상체질과, 침구과",한의원,PHMA120203080033041100005,3080000,"서울특별시 강북구 도봉로 325, 수성타워 3층 (수유동)",01073,03,폐업,0,,,02-991-0025
청구경희한의원(미아점),한의원,2023-03-01,201751.669914402,457549.934044447,2026-05-06 22:00:33,I,03,폐업,436.79,2,7,2023-02-28 11:41:20,,2020-09-24,,서울특별시 강북구 미아동 703-56,301 302 303 304 305 306 307 308,"한방내과, 한방부인과, 한방소아과, 한방안·이비인후·피부과, 한방신경정신과, 한방재활의학과, 사상체질과, 침구과",한의원,PHMA120203080033041100008,3080000,"서울특별시 강북구 삼양로 183-1, 1~4층 (미아동)",01189,03,폐업,14,,,02-984-1075
서울넘버원정형외과의원,의원,2023-06-30,201780.552952574,457611.140971336,2026-05-06 22:00:33,I,03,폐업,404.62,2,0,2023-06-29 16:13:24,,2020-12-21,,,122 120 109 106 105,"정형외과, 신경외과, 마취통증의학과, 재활의학과, 가정의학과",의원,PHMA120203080033041100010,3080000,"서울특별시 강북구 삼양로 190, 백운M빌딩 2,3층 (미아동)",01174,03,폐업,0,,,02-987-1111
라엘산부인과의원,의원,2025-09-19,201794.791263719,457341.563190318,2026-05-06 22:00:33,I,03,폐업,86.85,1,0,2025-09-22 11:16:47,,2022-12-23,,서울특별시 강북구 미아동 812-2 행전빌딩,122 110,"산부인과, 가정의학과",의원,PHMA120223080033041100010,3080000,"서울특별시 강북구 삼양로 161, 행전빌딩 3층 (미아동)",01195,03,폐업,0,2025-01-13,2026-01-11,02-2135-9098
예수의원,의원,2025-03-26,201056.297923916,461383.338586109,2026-05-06 22:00:34,I,03,폐업,84.6,1,0,2025-03-26 16:02:10,,2025-01-22,,서울특별시 강북구 우이동 100-4,115 114 113 112 111 110 109 108 107 106 105 104 103 102 101,"내과, 신경과, 정신건강의학과, 외과, 정형외과, 신경외과, 심장혈관흉부외과, 성형외과, 마취통증의학과, 산부인과, 소아청소년과, 안과, 이비인후과, 피부과, 비뇨의학과",의원,PHMA120253080033041100002,3080000,"서울특별시 강북구 삼양로 581, 2층 (우이동)",01006,03,폐업,0,,,02-998-1211
월곡정형외과의원,의원,2024-05-20,202766.59281616,456434.500687631,2026-05-06 22:00:28,I,03,폐업,256.2,1,1,2024-05-21 14:02:46,,2005-07-13,142-804,서울특별시 강북구 미아동 42번지 117호,105 101 104 111 120 115 106,"내과, 외과, 정형외과, 신경외과, 소아청소년과, 비뇨의학과, 재활의학과",의원,PHMA120053080033041100019,3080000,"서울특별시 강북구 월계로 19, 2,3층 (미아동)",01221,03,폐업,1,,,02-987-3115
닥터고운선의원,의원,2023-07-28,202641.157422978,456588.839527418,2026-05-06 22:00:28,I,03,폐업,85.94,1,0,2023-07-28 13:40:16,,2005-11-02,142-804,서울특별시 강북구 미아동 35번지 5호 에코피아빌딩 601호,101 105 108 109 114 122,"내과, 정형외과, 성형외과, 마취통증의학과, 피부과, 가정의학과",의원,PHMA120053080033041100028,3080000,"서울특별시 강북구 도봉로 30, 6층 601호 (미아동, 에코피아빌딩)",01220,03,폐업,0,,,02-988-9881
행복한한의원,한의원,2009-09-30,202064.950020931,459421.354969102,2026-05-06 22:00:28,I,03,폐업,133.62,1,0,2009-09-30 13:44:22,,2005-11-21,142-878,서울특별시 강북구 수유3동 230번지 10호 진암빌딩 3층,401,치과,한의원,PHMA120053080033041100029,3080000,,,03,폐업,0,,,02-916-8275
한여울치과의원,치과의원,2009-04-28,201445.673297642,459882.579451567,2026-05-06 22:00:28,I,03,폐업,87.06,1,0,2009-04-28 17:42:25,,2006-03-03,142-070,서울특별시 강북구 수유동 383번지 1호,401,치과,치과의원,PHMA120063080033041100003,3080000,서울특별시 강북구 삼양로 424 (수유동),,03,폐업,0,2009-02-16,2009-12-31,02-997-5665
우신한의원,한의원,2011-11-30,201817.723105878,460425.839591137,2026-05-06 22:00:28,I,03,폐업,73.95,1,0,2011-11-30 14:52:36,,2006-05-09,142-879,서울특별시 강북구 수유2동 252번지 164호,301 304 307 302 305 308 303 306,"한방내과, 한방부인과, 한방소아과, 한방안·이비인후·피부과, 한방신경정신과, 한방재활의학과, 사상체질과, 침구과",한의원,PHMA120063080033041100010,3080000,서울특별시 강북구 노해로27길 47 (수유동),,03,폐업,0,,,02-993-1821
성모치과의원,치과의원,2021-05-27,201966.757679268,459615.018158491,2026-05-06 22:00:29,I,03,폐업,102.23,1,0,2021-05-27 15:02:50,,2006-05-30,142-878,서울특별시 강북구 수유3동 223번지 1호 두온오피스텔 303호,401,치과,치과의원,PHMA120063080033041100013,3080000,"서울특별시 강북구 노해로 38, 303호 (수유동, 두온오피스텔 )",01072,03,폐업,0,,,02-990-2882
가톨릭정신건강의학과의원,의원,2015-01-12,202635.07229069,456360.433254943,2026-05-06 22:00:29,I,03,폐업,147.5,1,0,2017-09-26 16:37:48,,2006-07-10,142-804,서울특별시 강북구 송중동 42번지 11호,103,정신건강의학과,의원,PHMA120063080033041100014,3080000,서울특별시 강북구 월계로 3 (미아동),,03,폐업,0,,,02-980-1369
2080치과의원,치과의원,2017-04-05,201553.638460334,457539.107670453,2026-05-06 22:00:29,I,03,폐업,94.54,1,0,2017-04-05 14:32:22,,2006-07-25,142-821,서울특별시 강북구 미아동 838번지 8호,401,치과,치과의원,PHMA120063080033041100017,3080000,"서울특별시 강북구 솔샘로 231, 2층 (미아동)",01189,03,폐업,0,,,02-986-2875
대오한의원,한의원,2009-11-12,202552.153422072,456936.643839079,2026-05-06 22:00:29,I,03,폐업,83.2,1,0,2009-11-12 15:21:46,,2006-08-10,142-100,서울특별시 강북구 미아동 62번지 27호,301 304 307 302 305 308 303 306,"한방내과, 한방부인과, 한방소아과, 한방안·이비인후·피부과, 한방신경정신과, 한방재활의학과, 사상체질과, 침구과",한의원,PHMA120063080033041100019,3080000,서울특별시 강북구 도봉로 63 (미아동),,03,폐업,0,,,02-982-7207
더블유현치과의원,치과의원,2023-06-30,202218.044288909,459587.426824841,2026-05-06 22:00:29,I,03,폐업,84.72,2,0,2023-07-03 16:32:54,,2006-10-11,142-878,서울특별시 강북구 수유동 191번지 14호,401,치과,치과의원,PHMA120063080033041100023,3080000,"서울특별시 강북구 도봉로 345, 3층 (수유동)",01074,03,폐업,0,,,02-993-5553
전행조의원,의원,2011-02-08,,,2026-05-06 22:00:29,I,03,폐업,51.62,1,0,2011-02-08 15:13:15,,2006-11-01,142-090,서울특별시 강북구 우이동 279번지 131호,111 101 113 114,"내과, 소아청소년과, 이비인후과, 피부과",의원,PHMA120063080033041100024,3080000,,,03,폐업,0,,,02-907-5066
웰빙한의원,한의원,2012-12-31,202437.450759529,457238.204413734,2026-05-06 22:00:29,I,03,폐업,132.44,1,0,2012-12-31 11:44:08,,2006-11-06,142-100,서울특별시 강북구 미아동 374번지 13호,301 304 307 302 305 308 303 306,"한방내과, 한방부인과, 한방소아과, 한방안·이비인후·피부과, 한방신경정신과, 한방재활의학과, 사상체질과, 침구과",한의원,PHMA120063080033041100025,3080000,서울특별시 강북구 솔샘로 327 (미아동),,03,폐업,0,,,02-980-8393
광동한의원,한의원,2021-01-29,202007.511126456,458689.102454973,2026-05-06 22:00:29,I,03,폐업,175.19,1,0,2021-01-29 11:18:30,,2007-01-25,142-810,서울특별시 강북구 미아동 217번지 1호,301 304 307 308 305 302 303 306,"한방내과, 한방부인과, 한방소아과, 한방안·이비인후·피부과, 한방신경정신과, 한방재활의학과, 사상체질과, 침구과",한의원,PHMA120073080033041100002,3080000,"서울특별시 강북구 도봉로67길 13, 2층 (미아동)",01118,03,폐업,0,,,02-982-1010
한가정의학과의원,의원,2011-02-10,201300.088496013,459084.66393814,2026-05-06 22:00:29,I,03,폐업,47.04,2,0,2011-02-28 11:00:14,,2007-03-08,142-077,서울특별시 강북구 수유동 451번지 104호,122 101 111 113 114 109 112,"내과, 마취통증의학과, 소아청소년과, 안과, 이비인후과, 피부과, 가정의학과",의원,PHMA120073080033041100005,3080000,서울특별시 강북구 덕릉로 17 (수유동),,03,폐업,0,,,02-998-7582
좋은친구들정신과의원,의원,2010-01-22,201909.943574761,459112.873835188,2026-05-06 22:00:29,I,03,폐업,523.56,7,7,2010-01-22 15:23:34,,2007-04-05,142-071,서울특별시 강북구 수유동 48번지 7호,103 104 102 122,"신경과, 정신건강의학과, 외과, 가정의학과",의원,PHMA120073080033041100008,3080000,서울특별시 강북구 덕릉로 78 (수유동),,03,폐업,49,,,02-987-7540
신신의원,의원,2010-11-09,202376.010239172,459778.715958017,2026-05-06 22:00:29,I,03,폐업,183.4,1,0,2010-11-10 15:39:44,,2007-07-12,142-876,서울특별시 강북구 수유3동 174번지 9호,101 113 114 110 109,"내과, 마취통증의학과, 산부인과, 이비인후과, 피부과",의원,PHMA120073080033041100014,3080000,서울특별시 강북구 도봉로 369 (수유동),,03,폐업,0,,,02-906-9221
수성한의원,한의원,2022-07-13,202607.278547158,459509.686719039,2026-05-06 22:00:29,I,03,폐업,124.98,1,0,2022-07-13 17:40:32,,2007-08-27,,서울특별시 강북구 번동 460번지 17호,301 304 307 308 305 302 303 306,"한방내과, 한방부인과, 한방소아과, 한방안·이비인후·피부과, 한방신경정신과, 한방재활의학과, 사상체질과, 침구과",한의원,PHMA120073080033041100017,3080000,서울특별시 강북구 한천로 1000 (번동),01059,03,폐업,0,,,02-3492-9580
연세참한의원,한의원,2020-12-21,202482.090657204,457744.350053927,2026-05-06 22:00:26,I,03,폐업,101.9,1,0,2020-12-21 13:19:34,,2003-08-12,142-809,서울특별시 강북구 미아동 130번지 60호,304 307 301 302 305 308 306 303,"한방내과, 한방부인과, 한방소아과, 한방안·이비인후·피부과, 한방신경정신과, 한방재활의학과, 사상체질과, 침구과",한의원,PHMA120033080033041100020,3080000,"서울특별시 강북구 도봉로34길 15, 2층 (미아동)",01160,03,폐업,0,,,02-945-2675
우리경희한의원,한의원,2010-09-14,203518.852697746,458405.639559005,2026-05-06 22:00:27,I,03,폐업,131.9,1,0,2010-09-14 15:06:27,,2003-08-12,142-063,서울특별시 강북구 번3동 300번지,401,치과,한의원,PHMA120033080033041100021,3080000,서울특별시 강북구 오현로32길 28 (번동),,03,폐업,0,,,02-983-0196
상쾌한아침외과의원,의원,2014-09-29,202128.028000567,459379.778436598,2026-05-06 22:00:27,I,03,폐업,159.5,1,4,2014-09-29 15:46:55,,2003-09-20,142-867,서울특별시 강북구 번1동 446번지 12호 글로리타워 6층,104,외과,의원,PHMA120033080033041100023,3080000,"서울특별시 강북구 도봉로 324 (번동,글로리타워 6층)",,03,폐업,5,,,02-900-7175
이플러스치과의원,치과의원,2019-08-28,202128.028000567,459379.778436598,2026-05-06 22:00:27,I,03,폐업,163.7,2,0,2019-08-28 14:51:27,,2003-09-26,142-867,서울특별시 강북구 번동 446번지 12호 글로리타워 12층,401,치과,치과의원,PHMA120033080033041100024,3080000,"서울특별시 강북구 도봉로 324, 12층 (번동, 글로리타워)",01062,03,폐업,0,,,02-903-2288
탑여성의원,의원,2009-12-28,202128.028000567,459379.778436598,2026-05-06 22:00:27,I,03,폐업,104.02,1,0,2009-12-28 13:17:26,,2003-09-27,142-867,서울특별시 강북구 번1동 446번지 12호 글로리타워 7층,110,산부인과,의원,PHMA120033080033041100026,3080000,"서울특별시 강북구 도봉로 324 (번동,글로리타워 7층)",,03,폐업,0,,,02-908-5588
메이유의원,의원,2013-04-30,202240.855124105,458118.709572688,2026-05-06 22:00:27,I,03,폐업,151.85,1,0,2013-04-30 16:25:22,,2003-10-01,142-812,서울특별시 강북구 미아동 304번지 3호,101 108 115 114 122,"내과, 성형외과, 피부과, 비뇨의학과, 가정의학과",의원,PHMA120033080033041100027,3080000,서울특별시 강북구 도봉로 187 (미아동),,03,폐업,0,,,02-985-1177
경희동서한의원,한의원,2016-11-07,202635.07229069,456360.433254943,2026-05-06 22:00:27,I,03,폐업,105.64,1,0,2016-11-07 14:14:33,,2004-01-06,,서울특별시 강북구 미아동 42번지 11호,301 304 302 305 308 303 306,"한방내과, 한방부인과, 한방소아과, 한방안·이비인후·피부과, 한방신경정신과, 한방재활의학과, 침구과",한의원,PHMA120043080033041100001,3080000,"서울특별시 강북구 월계로 3, 3층 (미아동, 덕신빌딩)",01220,03,폐업,0,2016-07-11,2017-10-01,02-945-7979
권이붕소아과의원,의원,2013-07-26,201946.192775683,460204.099216494,2026-05-06 22:00:27,I,03,폐업,108.2,1,0,2013-07-26 13:26:49,,2004-01-27,142-879,서울특별시 강북구 수유2동 252번지 122호,111 101 113 114,"내과, 소아청소년과, 이비인후과, 피부과",의원,PHMA120043080033041100003,3080000,서울특별시 강북구 노해로 95-1 (수유동),,03,폐업,0,,,02-996-2111
본정형외과의원,의원,2016-04-07,202516.984156124,457240.640600264,2026-05-06 22:00:27,I,03,폐업,581.18,2,10,2021-04-15 13:12:49,,2004-05-12,,서울특별시 강북구 미아동 374번지 43호,105 101 104 109 106,"내과, 외과, 정형외과, 신경외과, 마취통증의학과",의원,PHMA120043080033041100007,3080000,"서울특별시 강북구 도봉로 95 (미아동, 무송빌딩)",01179,03,폐업,29,,,02-984-0011
연세해피아이치과의원,치과의원,2010-03-02,202624.617262819,456818.85207077,2026-05-06 22:00:27,I,03,폐업,56.46,1,0,2010-03-02 12:29:54,,2004-05-31,142-804,서울특별시 강북구 송중동 71번지 1호 연이빌딩 6층,401,치과,치과의원,PHMA120043080033041100008,3080000,"서울특별시 강북구 도봉로 52 (미아동,연이빌딩 6층)",,03,폐업,0,,,02-983-7528
서울우리의원,의원,2025-10-31,202075.417796056,458642.378388846,2026-05-06 22:00:27,I,03,폐업,171.1,1,0,2025-12-04 09:43:47,,2004-06-16,142-810,서울특별시 강북구 미아동 202번지 2호 2층,122 114 111 109 105 101,"내과, 정형외과, 마취통증의학과, 소아청소년과, 피부과, 가정의학과",의원,PHMA120043080033041100012,3080000,"서울특별시 강북구 도봉로 243, 2층 (미아동)",01118,03,폐업,0,,,02-907-0154
참사랑의원,의원,2009-05-29,201520.114917605,458199.684362302,2026-05-06 22:00:27,I,03,폐업,159,1,5,2009-05-29 13:44:00,,2004-11-12,142-110,서울특별시 강북구 미아동 791번지 940호,101 104 111 114 106 105 122,"내과, 외과, 정형외과, 신경외과, 소아청소년과, 피부과, 가정의학과",의원,PHMA120043080033041100017,3080000,서울특별시 강북구 삼양로 255 (미아동),,03,폐업,15,,,02-6408-9303
김철헌재활의학과의원,의원,2011-06-28,201787.176789543,460231.075947796,2026-05-06 22:00:28,I,03,폐업,348.45,1,0,2011-07-01 11:16:28,,2004-11-29,142-879,서울특별시 강북구 수유2동 249번지 16호,120 106 105 102 111,"신경과, 정형외과, 신경외과, 소아청소년과, 재활의학과",의원,PHMA120043080033041100018,3080000,서울특별시 강북구 한천로 1108-1 (수유동),,03,폐업,0,,,02-907-8217
행복을여는의원,의원,2011-02-21,203746.119397218,458437.076181289,2026-05-06 22:00:28,I,03,폐업,164.19,1,0,2011-02-21 10:30:03,,2005-03-14,142-060,서울특별시 강북구 번동 269번지 2호,101 104 111 114 115,"내과, 외과, 소아청소년과, 피부과, 비뇨의학과",의원,PHMA120053080033041100002,3080000,서울특별시 강북구 한천로109길 13 (번동),,03,폐업,0,,,02-945-0001
박경미산부인과의원,의원,2013-11-20,202185.073355103,459465.357616831,2026-05-06 22:00:28,I,03,폐업,147.26,1,0,2014-07-16 10:10:59,,2005-03-29,142-867,서울특별시 강북구 번1동 446번지 50호,110 122 114 101 102 111 115 112,"내과, 신경과, 산부인과, 소아청소년과, 안과, 피부과, 비뇨의학과, 가정의학과",의원,PHMA120053080033041100004,3080000,서울특별시 강북구 도봉로 334 (번동),,03,폐업,0,,,02-906-0301
서울연세의원,의원,2017-05-26,201149.152157014,460686.989222997,2026-05-06 22:00:28,I,03,폐업,55.58,1,0,2017-05-26 11:08:28,,2005-04-04,142-879,서울특별시 강북구 수유동 279번지 131호 2층1호,101 111 113 114 122,"내과, 소아청소년과, 이비인후과, 피부과, 가정의학과",의원,PHMA120053080033041100005,3080000,"서울특별시 강북구 삼양로 509, 2층 1호 (수유동)",01011,03,폐업,0,,,02-900-9711
미소진치과의원,치과의원,2014-07-03,202280.796312444,457873.339604961,2026-05-06 22:00:28,I,03,폐업,90.06,1,0,2016-07-01 14:01:26,,2005-05-03,142-100,서울특별시 강북구 미아동 317번지 22호,401,치과,치과의원,PHMA120053080033041100011,3080000,서울특별시 강북구 솔샘로67길 138 (미아동),,03,폐업,0,,,02-988-2876
박승사외과의원,의원,2016-12-20,202910.676074479,456838.792008274,2026-05-06 22:00:28,I,03,폐업,105.27,1,0,2016-12-20 15:23:15,,2005-06-28,,서울특별시 강북구 미아동 81번지 29호,104 101 110,"내과, 외과, 산부인과",의원,PHMA120053080033041100017,3080000,"서울특별시 강북구 오패산로 135 (미아동, 박승사외과의원)",01218,03,폐업,0,,,02-984-7211
제세의원,의원,2014-04-30,201766.892130404,459102.805443474,2026-05-06 22:00:23,I,03,폐업,43.29,1,0,2014-06-02 09:59:11,,1967-09-16,142-873,서울특별시 강북구 수유1동 48번지 73호 5층,101 111,"내과, 소아청소년과",의원,PHMA119673080033041100001,3080000,서울특별시 강북구 덕릉로 64 (수유동),,03,폐업,0,,,02-989-1274
정가정의학과의원,의원,2010-11-25,201718.732513491,460223.226421852,2026-05-06 22:00:23,I,03,폐업,117,1,0,2010-11-25 17:24:28,,1969-02-06,142-877,서울특별시 강북구 수유2동 247번지 2호,122 101 104 111 114 110 102 103 112 113,"내과, 신경과, 정신건강의학과, 외과, 산부인과, 소아청소년과, 안과, 이비인후과, 피부과, 가정의학과",의원,PHMA119693080033041100001,3080000,서울특별시 강북구 한천로 1111 (수유동),,03,폐업,0,,,02-993-5888
왕한의원,한의원,2016-02-16,201693.638406889,459244.547615192,2026-05-06 22:00:23,I,03,폐업,0,1,0,2016-02-16 11:50:55,,1969-06-16,,서울특별시 강북구 수유동 46번지 22호,301 304 307 308 302 305 303 306,"한방내과, 한방부인과, 한방소아과, 한방안·이비인후·피부과, 한방신경정신과, 한방재활의학과, 사상체질과, 침구과",한의원,PHMA119693080033041100002,3080000,"서울특별시 강북구 수유로 56 (수유동, 왕한의원)",01081,03,폐업,0,,,02-902-0602
심치과의원,치과의원,2017-06-05,202538.970810188,457104.287727681,2026-05-06 22:00:23,I,03,폐업,75,1,0,2017-06-05 16:48:53,,1969-07-25,,서울특별시 강북구 미아동 460번지 108호,401,치과,치과의원,PHMA119693080033041100003,3080000,"서울특별시 강북구 도봉로 79 (미아동, 심치과의원)",01205,03,폐업,0,,,02-988-1984
남대문한의원,한의원,2014-05-30,202096.936568444,458151.691656472,2026-05-06 22:00:23,I,03,폐업,0,1,0,2014-06-05 11:06:16,,1969-10-31,142-812,서울특별시 강북구 미아동 303번지 89호,301 304 307 308 305 303 306 302,"한방내과, 한방부인과, 한방소아과, 한방안·이비인후·피부과, 한방신경정신과, 한방재활의학과, 사상체질과, 침구과",한의원,PHMA119693080033041100004,3080000,서울특별시 강북구 솔매로 110 (미아동),,03,폐업,0,,,02-989-1141
김홍석치과의원,치과의원,2010-03-02,202335.26105291,459731.831648811,2026-05-06 22:00:23,I,03,폐업,0,1,0,2010-03-02 12:30:07,,1969-11-26,142-876,서울특별시 강북구 수유3동 174번지 14호,401,치과,치과의원,PHMA119693080033041100005,3080000,서울특별시 강북구 도봉로 363 (수유동),,03,폐업,0,,,02-994-3543
수유치과의원,치과의원,2009-01-08,202049.37746426,458727.685398858,2026-05-06 22:00:23,I,03,폐업,66,1,0,2009-01-08 15:48:41,,1970-04-09,142-071,서울특별시 강북구 수유동 54번지 11호,401,치과,치과의원,PHMA119703080033041100001,3080000,서울특별시 강북구 도봉로 251 (수유동),,03,폐업,0,,,02-988-4576
인화의원,의원,2024-08-03,202603.993001437,460037.566848532,2026-05-06 22:00:23,I,03,폐업,62.3,1,0,2024-12-04 16:42:01,,1970-08-10,,서울특별시 강북구 수유동 168번지 51호,101 104 111 110 122,"내과, 외과, 산부인과, 소아청소년과, 가정의학과",의원,PHMA119703080033041100003,3080000,"서울특별시 강북구 도봉로 405 (수유동, 인화의원)",01055,03,폐업,0,,,02-907-2266
마이비인후과의원,의원,2018-10-11,202538.970810188,457104.287727681,2026-05-06 22:00:23,I,03,폐업,132,1,0,2018-10-19 09:53:03,,1971-10-09,,서울특별시 강북구 미아동 460번지 108호,113,이비인후과,의원,PHMA119713080033041100004,3080000,"서울특별시 강북구 도봉로 79 (미아동, 심치과의원)",01205,03,폐업,0,,,02-988-1185
덕성한의원,한의원,2017-07-05,201437.565701301,459336.124262972,2026-05-06 22:00:23,I,03,폐업,0,1,0,2017-07-05 14:22:08,,1972-05-15,,서울특별시 강북구 수유동 404번지 26호,301 304 307 302 305 308 303 306,"한방내과, 한방부인과, 한방소아과, 한방안·이비인후·피부과, 한방신경정신과, 한방재활의학과, 사상체질과, 침구과",한의원,PHMA119723080033041100002,3080000,"서울특별시 강북구 삼양로 369 (수유동, 덕성한의원)",01090,03,폐업,0,,,02-902-8040
박소아과의원,의원,2010-02-26,202155.401317068,459411.940883021,2026-05-06 22:00:23,I,03,폐업,158.4,1,0,2014-01-15 13:27:05,,1972-06-21,142-703,서울특별시 강북구 번1동 446번지 13호 가든타워빌딩 301호,111,소아청소년과,의원,PHMA119723080033041100003,3080000,"서울특별시 강북구 도봉로 328 (번동,가든타워빌딩 301호)",,03,폐업,0,,,02-994-0329
전소아과의원,의원,2012-09-03,201653.783921277,459429.917026785,2026-05-06 22:00:23,I,03,폐업,33.64,1,0,2012-09-03 16:46:51,,1972-06-23,142-890,서울특별시 강북구 수유3동 130번지 21호,111,소아청소년과,의원,PHMA119723080033041100004,3080000,서울특별시 강북구 수유로17나길 4-16 (수유동),,03,폐업,0,,,02-989-1130
최민호소아청소년과의원,의원,2015-12-14,201830.711100166,457374.94989419,2026-05-06 22:00:23,I,03,폐업,153.59,1,0,2016-02-03 17:59:19,,1972-08-25,142-702,서울특별시 강북구 미아동 682번지 1호 3층,111,소아청소년과,의원,PHMA119723080033041100005,3080000,"서울특별시 강북구 삼양로 166, 3층 (미아동)",01201,03,폐업,0,,,02-988-2466
최종운치과의원,치과의원,2023-06-15,201569.420684392,458086.905478343,2026-05-06 22:00:23,I,03,폐업,0,1,0,2023-06-18 11:13:19,,1972-09-15,,서울특별시 강북구 미아동 778번지 2호,401,치과,치과의원,PHMA119723080033041100006,3080000,"서울특별시 강북구 삼양로 244 (미아동, 이원약국)",01127,03,폐업,0,,,02-989-2828
성신이비인후과의원,의원,2015-01-05,201962.268107301,458977.920400684,2026-05-06 22:00:23,I,03,폐업,100,1,0,2015-01-05 17:22:08,,1972-12-12,142-071,서울특별시 강북구 수유동 93번지 12호,113,이비인후과,의원,PHMA119723080033041100007,3080000,서울특별시 강북구 도봉로 277 (수유동),,03,폐업,0,,,02-989-3162
대인한의원,한의원,2011-01-27,202125.821624666,459823.343749569,2026-05-06 22:00:23,I,03,폐업,0,1,0,2011-01-27 15:37:36,,1972-12-20,142-878,서울특별시 강북구 수유3동 190번지 20호,301 302,"한방내과, 한방부인과",한의원,PHMA119723080033041100008,3080000,서울특별시 강북구 한천로143길 9 (수유동),,03,폐업,0,2010-08-02,2010-12-31,02-902-0781
배의원,의원,2010-08-03,202545.707124888,456814.640057964,2026-05-06 22:00:23,I,03,폐업,108,1,0,2010-08-03 16:14:18,,1973-02-14,142-140,서울특별시 강북구 미아동 60번지 16호,101 111,"내과, 소아청소년과",의원,PHMA119733080033041100001,3080000,서울특별시 강북구 도봉로 45 (미아동),,03,폐업,0,,,02-988-2443
나산부인과의원,의원,2009-10-29,202508.020470062,457252.457838879,2026-05-06 22:00:23,I,03,폐업,432,1,0,2011-03-03 16:37:42,,1973-07-05,142-815,서울특별시 강북구 송천동 374번지 7호,110 104 108,"외과, 성형외과, 산부인과",의원,PHMA119733080033041100002,3080000,서울특별시 강북구 도봉로 97 (미아동),,03,폐업,0,,,02-989-0891
신영의원,의원,2009-02-02,201526.872737244,458033.281729751,2026-05-06 22:00:23,I,03,폐업,66,1,0,2009-02-02 11:43:58,,1973-12-05,142-110,서울특별시 강북구 미아동 834번지 25호,110 111,"산부인과, 소아청소년과",의원,PHMA119733080033041100003,3080000,서울특별시 강북구 삼양로53길 4 (미아동),,03,폐업,0,,,02-988-2583
성신치과의원,치과의원,2011-03-10,201962.268107301,458977.920400684,2026-05-06 22:00:23,I,03,폐업,42.9,1,0,2011-03-09 11:39:52,,1974-10-26,142-071,서울특별시 강북구 수유동 93번지 8호,401,치과,치과의원,PHMA119743080033041100002,3080000,서울특별시 강북구 도봉로 277 (수유동),,03,폐업,0,,,02-980-1165
박비뇨기과의원,의원,2010-08-03,202545.707124888,456814.640057964,2026-05-06 22:00:23,I,03,폐업,66,1,0,2010-08-03 16:17:39,,1975-04-14,142-140,서울특별시 강북구 미아동 60번지 16호,115 114,"피부과, 비뇨의학과",의원,PHMA119753080033041100001,3080000,서울특별시 강북구 도봉로 45 (미아동),,03,폐업,0,,,02-989-7390
신인선안과의원,의원,2009-10-26,202325.232702909,458045.890382095,2026-05-06 22:00:23,I,03,폐업,165,1,0,2009-10-26 15:59:51,,1975-05-09,142-807,서울특별시 강북구 미아동 125번지 26호,112,안과,의원,PHMA119753080033041100002,3080000,서울특별시 강북구 도봉로 178 (미아동),,03,폐업,0,,,02-981-5111
홍산부인과의원,의원,2017-11-30,201962.268107301,458977.920400684,2026-05-06 22:00:23,I,03,폐업,132,1,0,2017-11-30 10:06:37,,1975-08-20,,서울특별시 강북구 수유동 93번지 8호,110,산부인과,의원,PHMA119753080033041100004,3080000,"서울특별시 강북구 도봉로 277 (수유동, 홍산부인과)",01114,03,폐업,0,,,02-989-1651
변피부과의원,의원,2009-02-10,202538.970810188,457104.287727681,2026-05-06 22:00:23,I,03,폐업,59.4,1,0,2009-02-10 16:16:35,,1976-03-04,142-140,서울특별시 강북구 미아동 460번지 108호,114,피부과,의원,PHMA119763080033041100001,3080000,서울특별시 강북구 도봉로 79 (미아동),,03,폐업,0,,,02-988-0018
인수한의원,한의원,2013-11-12,201573.462613127,460512.376874633,2026-05-06 22:00:23,I,03,폐업,40.3,1,0,2013-11-12 17:23:56,,1976-03-16,142-879,서울특별시 강북구 수유2동 270번지 209호,301 304 307 308 305 302 303 306,"한방내과, 한방부인과, 한방소아과, 한방안·이비인후·피부과, 한방신경정신과, 한방재활의학과, 사상체질과, 침구과",한의원,PHMA119763080033041100002,3080000,서울특별시 강북구 노해로23길 100 (수유동),,03,폐업,0,,,02-993-2942
박인재산부인과의원,의원,2012-10-05,201981.445609981,460049.781711331,2026-05-06 22:00:23,I,03,폐업,0,1,3,2012-10-08 09:28:59,,1976-04-08,142-876,서울특별시 강북구 수유3동 182번지 37호,110,산부인과,의원,PHMA119763080033041100003,3080000,서울특별시 강북구 한천로 1082 (수유동),,03,폐업,3,,,02-993-5385
제중의원,의원,2013-07-05,201443.856262024,459804.299353062,2026-05-06 22:00:23,I,03,폐업,70,1,0,2013-07-05 15:05:40,,1976-05-11,142-872,서울특별시 강북구 수유3동 386번지 2호,111,소아청소년과,의원,PHMA119763080033041100004,3080000,서울특별시 강북구 삼양로 416 (수유동),,03,폐업,0,,,02-996-6594
동선치과의원,치과의원,2018-05-24,201823.62015212,457414.499748119,2026-05-06 22:00:23,I,03,폐업,33,1,0,2018-05-24 14:40:15,,1976-05-31,,서울특별시 강북구 미아동 687번지 1호,401,치과,치과의원,PHMA119763080033041100005,3080000,서울특별시 강북구 삼양로 172 (미아동),01201,03,폐업,0,,,02-988-1067
이명희산부인과의원,의원,2020-07-01,202617.763326241,456693.95960943,2026-05-06 22:00:23,I,03,폐업,165,1,0,2020-07-01 09:55:37,,1976-09-26,,서울특별시 강북구 미아동 35번지 20호,110 122,"산부인과, 가정의학과",의원,PHMA119763080033041100008,3080000,"서울특별시 강북구 도봉로 40 (미아동, 대경빌딩)",01220,03,폐업,0,,,02-982-4532
정광원신경정신과의원,의원,2011-12-30,202592.208803745,457220.242885397,2026-05-06 22:00:24,I,03,폐업,112,1,0,2011-12-30 15:41:29,,1977-04-23,142-806,서울특별시 강북구 송중동 98번지 37호,102 103,"신경과, 정신건강의학과",의원,PHMA119773080033041100002,3080000,서울특별시 강북구 도봉로 92 (미아동),,03,폐업,0,2011-05-12,2011-12-31,02-988-8515
세종한의원,한의원,2010-12-27,202789.362325888,456704.105042189,2026-05-06 22:00:24,I,03,폐업,82.5,1,0,2010-12-27 16:47:06,,1978-11-15,142-804,서울특별시 강북구 송중동 54번지 174호,401,치과,한의원,PHMA119783080033041100001,3080000,서울특별시 강북구 월계로7나길 28 (미아동),,03,폐업,0,,,02-988-3863
최두석영상의학과의원,의원,2012-12-03,202155.401317068,459411.940883021,2026-05-06 22:00:24,I,03,폐업,80.3,1,0,2012-12-03 09:51:46,,1979-01-06,142-703,서울특별시 강북구 번1동 446번지 13호 가든타워빌딩 311호,116,영상의학과,의원,PHMA119793080033041100001,3080000,"서울특별시 강북구 도봉로 328 (번동,가든타워빌딩 311호)",,03,폐업,0,,,02-990-2422
신일산부인과의원,의원,2011-02-21,201803.077035918,457498.917544228,2026-05-06 22:00:24,I,03,폐업,132,1,0,2011-02-22 15:07:02,,1981-11-18,142-140,서울특별시 강북구 미아동 703번지 34호,110 111 101 108,"내과, 성형외과, 산부인과, 소아청소년과",의원,PHMA119813080033041100001,3080000,서울특별시 강북구 삼양로 178 (미아동),,03,폐업,6,,,02-981-3252
임정재소아과의원,의원,2008-12-31,201820.670410803,457466.962176833,2026-05-06 22:00:24,I,03,폐업,112.14,1,0,2008-12-31 11:52:42,,1982-05-03,142-140,서울특별시 강북구 미아동 860번지 75호,111 101,"내과, 소아청소년과",의원,PHMA119823080033041100002,3080000,서울특별시 강북구 솔샘로 255 (미아동),,03,폐업,0,,,02-988-0328
차성수의원,의원,2012-10-29,201056.297923916,461383.338586109,2026-05-06 22:00:24,I,03,폐업,109.14,1,0,2012-10-29 10:34:50,,1986-04-26,142-892,서울특별시 강북구 우이동 100번지 4호,104 105 111 101 115 116 119 120,"내과, 외과, 정형외과, 소아청소년과, 비뇨의학과, 영상의학과, 진단검사의학과, 재활의학과",의원,PHMA119863080033041100002,3080000,서울특별시 강북구 삼양로 581 (우이동),,03,폐업,0,,,02-902-3443
백상치과의원,치과의원,2009-05-01,201931.86779129,460104.86528988,2026-05-06 22:00:24,I,03,폐업,70,2,0,2009-05-01 13:29:51,,1986-04-30,142-877,서울특별시 강북구 수유2동 183번지 4호,401,치과,치과의원,PHMA119863080033041100003,3080000,서울특별시 강북구 노해로 88 (수유동),,03,폐업,0,,,02-906-7672
김영상의학과의원,의원,2020-04-06,202189.124742261,459553.64954261,2026-05-06 22:00:24,I,03,폐업,112.2,2,0,2020-04-06 10:50:30,,1986-07-21,,서울특별시 강북구 수유동 191번지 16호,116,영상의학과,의원,PHMA119863080033041100004,3080000,서울특별시 강북구 도봉로 341 (수유동),01074,03,폐업,0,,,02-907-0542
서울예일산부인과의원,의원,2010-10-11,202582.466293771,459530.486138019,2026-05-06 22:00:24,I,03,폐업,1405.96,2,0,2011-12-22 16:35:52,,1986-11-25,142-868,서울특별시 강북구 번1동 461번지 68호 129호,110 111,"산부인과, 소아청소년과",의원,PHMA119863080033041100007,3080000,"서울특별시 강북구 한천로 1002 (번동,129호)",,03,폐업,0,,,02-906-9981
김승만내과의원,의원,2023-04-28,201527.126836534,458590.907741473,2026-05-06 22:00:24,I,03,폐업,87,1,0,2023-05-02 16:09:42,,1987-08-07,,서울특별시 강북구 수유동 58번지 8호,101 111,"내과, 소아청소년과",의원,PHMA119873080033041100002,3080000,"서울특별시 강북구 삼양로 294 (수유동, 김승만내과의원)",01116,03,폐업,0,,,02-981-0550
청신의원,의원,2017-08-04,201046.346062919,459393.869980812,2026-05-06 22:00:24,I,03,폐업,72.6,1,0,2017-08-04 13:55:32,,1987-11-27,,서울특별시 강북구 수유동 435번지 67호,101 111,"내과, 소아청소년과",의원,PHMA119873080033041100003,3080000,서울특별시 강북구 인수봉로55길 4 (수유동),01023,03,폐업,0,,,02-900-6794
우리이웃의원,의원,2025-11-10,202898.389898228,456521.853735385,2026-05-06 22:00:24,I,03,폐업,120,1,0,2025-12-04 09:31:42,,1988-05-07,,서울특별시 강북구 미아동 48번지 29호,101 110 111 108 114 122 109,"내과, 성형외과, 마취통증의학과, 산부인과, 소아청소년과, 피부과, 가정의학과",의원,PHMA119883080033041100004,3080000,"서울특별시 강북구 월계로 33 (미아동, 우리이웃의원)",01222,03,폐업,0,,,02-988-7766
김영우정신건강의학과의원,의원,2023-07-26,202055.352912521,459408.610255456,2026-05-06 22:00:24,I,03,폐업,83.08,1,0,2023-11-08 16:02:59,,1989-04-27,,서울특별시 강북구 수유동 230번지 11호,102 103,"신경과, 정신건강의학과",의원,PHMA119893080033041100003,3080000,"서울특별시 강북구 도봉로 321 (수유동, 학성빌딩)",01073,03,폐업,0,,,02-903-7201
보명한의원,한의원,2022-01-17,201585.157407955,458073.67264333,2026-05-06 22:00:24,I,03,폐업,0,1,0,2022-01-17 15:29:11,,1989-05-09,142-100,서울특별시 강북구 미아동 775번지 3호,301 304 307 302 305 308 303 306,"한방내과, 한방부인과, 한방소아과, 한방안·이비인후·피부과, 한방신경정신과, 한방재활의학과, 사상체질과, 침구과",한의원,PHMA119893080033041100004,3080000,서울특별시 강북구 솔매로 59 (미아동),01127,03,폐업,0,,,02-988-3349
김외과의원,의원,2010-12-01,201762.419935414,457441.244070216,2026-05-06 22:00:24,I,03,폐업,493.48,1,5,2010-12-01 19:25:14,,1989-05-10,142-150,서울특별시 강북구 미아동 688번지 5호,104 101 105 111 120 115 114 109,"내과, 외과, 정형외과, 마취통증의학과, 소아청소년과, 피부과, 비뇨의학과, 재활의학과",의원,PHMA119893080033041100005,3080000,서울특별시 강북구 솔샘로 254 (미아동),,03,폐업,20,,,02-984-9160
서울성심의원,의원,2013-05-01,202502.334998391,459833.353495151,2026-05-06 22:00:24,I,03,폐업,142.14,1,0,2013-05-01 17:29:02,,1989-08-16,142-868,서울특별시 강북구 번1동 464번지 8호,101 104 111,"내과, 외과, 소아청소년과",의원,PHMA119893080033041100006,3080000,서울특별시 강북구 도봉로 384 (번동),,03,폐업,0,,,02-996-6193
행복나눔치과의원,치과의원,2017-12-13,201892.114537193,458840.846634921,2026-05-06 22:00:24,I,03,폐업,101.48,1,0,2017-12-13 16:18:39,,1990-07-07,,서울특별시 강북구 수유동 50번지 75호 대림쇼핑상가,411 410 409 408 407 406 405 403 402,"구강악안면외과, 치과보철과, 소아치과, 치주과, 치과보존과, 구강내과, 영상치의학과, 구강병리과, 예방치과",치과의원,PHMA119903080033041100001,3080000,"서울특별시 강북구 도봉로71가길 11, 312호, 313호, 307호 (수유동, 수유대림쇼핑상가)",01114,03,폐업,0,,,02-985-2879
김용환산부인과의원,의원,2010-05-31,201678.724016407,460326.188791403,2026-05-06 22:00:24,I,03,폐업,100,1,0,2010-05-28 17:23:33,,1991-05-08,142-879,서울특별시 강북구 수유2동 254번지 33호,110 111,"산부인과, 소아청소년과",의원,PHMA119913080033041100007,3080000,서울특별시 강북구 한천로 1122-1 (수유동),,03,폐업,0,,,02-991-0773
구안과의원,의원,2011-04-01,202214.822687185,459608.756319762,2026-05-06 22:00:24,I,03,폐업,90,1,0,2011-04-01 15:52:41,,1992-06-25,142-878,서울특별시 강북구 수유3동 191번지 25호,112,안과,의원,PHMA119923080033041100008,3080000,서울특별시 강북구 도봉로89길 5 (수유동),,03,폐업,0,,,02-903-2091
동우내과의원,의원,2018-01-10,202155.401317068,459411.940883021,2026-05-06 22:00:24,I,03,폐업,172.8,1,0,2018-01-10 09:14:54,,1992-09-22,142-703,서울특별시 강북구 번동 446번지 13호 가든타워빌딩 302호,101 122,"내과, 가정의학과",의원,PHMA119923080033041100011,3080000,"서울특별시 강북구 도봉로 328, 302호 (번동, 가든타워)",01062,03,폐업,0,,,02-997-1521
우리치과의원,치과의원,2011-06-23,201344.085090197,460251.721519245,2026-05-06 22:00:24,I,03,폐업,61.88,1,0,2011-06-23 13:21:52,,1992-10-22,142-877,서울특별시 강북구 수유2동 316번지 11호,401,치과,치과의원,PHMA119923080033041100013,3080000,서울특별시 강북구 삼양로 464 (수유동),,03,폐업,0,,,02-993-9793
보림한의원,한의원,2009-08-27,200874.82205546,459301.330880403,2026-05-06 22:00:24,I,03,폐업,46,1,0,2009-08-27 14:41:52,,1992-12-16,142-070,서울특별시 강북구 수유동 508번지 93호,301 302 303 308,"한방내과, 한방부인과, 한방소아과, 침구과",한의원,PHMA119923080033041100014,3080000,서울특별시 강북구 인수봉로55길 39-15 (수유동),,03,폐업,0,,,02-904-9949
박병일성형외과의원,의원,2015-03-16,202130.775789577,459480.541519373,2026-05-06 22:00:24,I,03,폐업,132,1,0,2015-03-16 14:47:42,,1993-05-03,142-878,서울특별시 강북구 수유3동 229번지 9호,108,성형외과,의원,PHMA119933080033041100004,3080000,서울특별시 강북구 도봉로 331 (수유동),,03,폐업,0,,,02-906-9274
장혜정산부인과의원,의원,2022-11-30,201794.791263719,457341.563190318,2026-05-06 22:00:24,I,03,폐업,99,1,0,2022-11-28 09:55:45,,1993-05-18,,서울특별시 강북구 미아동 670번지 28호,110,산부인과,의원,PHMA119933080033041100005,3080000,"서울특별시 강북구 삼양로 161 (미아동, 행전빌딩)",01195,03,폐업,0,,,02-945-6976
세일의원,의원,2012-06-12,,,2026-05-06 22:00:24,I,03,폐업,47.16,1,0,2012-06-12 16:50:25,,1993-06-02,142-874,서울특별시 강북구 수유1동 92번지 7호,114 115 122,"피부과, 비뇨의학과, 가정의학과",의원,PHMA119933080033041100006,3080000,서울특별시 강북구 도봉로 277-1 (수유동),,03,폐업,0,,,02-981-6868
기쁨이있는치과의원,치과의원,2025-11-25,202106.753319985,459468.971331544,2026-05-06 22:00:24,I,03,폐업,110.54,1,0,2025-11-25 15:46:10,,1993-12-21,,,402 403 406 407 408 410 411,"구강악안면외과, 치과보철과, 치주과, 치과보존과, 구강내과, 구강병리과, 예방치과",치과의원,PHMA119933080033041100009,3080000,서울특별시 강북구 도봉로 329 (수유동),01073,03,폐업,0,,,02-902-2999
문산부인과의원,의원,2021-12-09,202155.401317068,459411.940883021,2026-05-06 22:00:24,I,03,폐업,70.13,1,0,2021-12-09 19:42:14,,1994-01-06,142-703,서울특별시 강북구 번동 446번지 13호 가든타워빌딩 309호,110,산부인과,의원,PHMA119943080033041100001,3080000,"서울특별시 강북구 도봉로 328, 309호 (번동, 가든타워)",01062,03,폐업,0,,,02-904-0726
동산의원,의원,2011-04-25,200867.638316446,460215.186491775,2026-05-06 22:00:25,I,03,폐업,51.39,1,0,2011-04-25 13:31:08,,1994-04-18,142-077,서울특별시 강북구 수유동 549번지 5호,101 111,"내과, 소아청소년과",의원,PHMA119943080033041100004,3080000,서울특별시 강북구 인수봉로 285 (수유동),,03,폐업,0,,,02-998-7534
삼양정형외과의원,의원,2011-01-22,201807.838930952,457546.401262101,2026-05-06 22:00:25,I,03,폐업,423.92,1,7,2011-01-24 10:34:33,,1994-11-23,142-140,서울특별시 강북구 미아동 703번지 13호,105 120 108 106 104,"외과, 정형외과, 신경외과, 성형외과, 재활의학과",의원,PHMA119943080033041100008,3080000,서울특별시 강북구 삼양로 184 (미아동),,03,폐업,28,,,02-982-0038
성내과의원,의원,2022-07-20,201807.838930952,457546.401262101,2026-05-06 22:00:25,I,03,폐업,102.03,1,0,2022-07-19 14:44:07,,1994-11-28,142-140,서울특별시 강북구 미아동 703번지 13호,101,내과,의원,PHMA119943080033041100009,3080000,"서울특별시 강북구 삼양로 184, 2층 (미아동, 유유빌딩)",01174,03,폐업,0,,,02-986-0075
예일치과의원,치과의원,2023-06-05,202955.142977094,456807.176895604,2026-05-06 22:00:25,I,03,폐업,115.5,1,0,2025-02-10 13:20:54,,1995-05-17,,서울특별시 강북구 미아동 53번지 1호,401,치과,치과의원,PHMA119953080033041100008,3080000,"서울특별시 강북구 오패산로 130 (미아동, 동명빌딩)",01233,03,폐업,0,,,02-989-9875
신한치과의원,치과의원,2009-11-02,202040.513822638,458755.361147282,2026-05-06 22:00:25,I,03,폐업,59.4,1,0,2009-12-09 16:14:49,,1995-07-20,142-071,서울특별시 강북구 수유동 54번지 9호,401,치과,치과의원,PHMA119953080033041100009,3080000,서울특별시 강북구 도봉로 255 (수유동),,03,폐업,0,,,02-986-2804
이-웃는치과의원,치과의원,2010-05-08,201396.084505776,459875.639271846,2026-05-06 22:00:25,I,03,폐업,82.5,1,0,2010-05-07 10:17:23,,1996-04-15,142-077,서울특별시 강북구 수유동 360번지 20호,401,치과,치과의원,PHMA119963080033041100003,3080000,서울특별시 강북구 삼양로 423 (수유동),,03,폐업,0,,,02-900-5270
새한치과의원,치과의원,2010-12-24,202542.224535878,456978.178605453,2026-05-06 22:00:25,I,03,폐업,19.2,1,0,2010-12-24 16:02:15,,1997-02-26,142-140,서울특별시 강북구 미아동 62번지 28호,401,치과,치과의원,PHMA119973080033041100001,3080000,서울특별시 강북구 도봉로 67 (미아동),,03,폐업,0,,,02-983-2828
김동민안과의원,의원,2021-01-21,202155.401317068,459411.940883021,2026-05-06 22:00:25,I,03,폐업,75.9,1,0,2021-01-21 19:06:31,,1997-03-24,142-703,서울특별시 강북구 번동 446번지 13호 가든타워,112,안과,의원,PHMA119973080033041100002,3080000,"서울특별시 강북구 도봉로 328, 3층 303호 (번동, 가든타워)",01062,03,폐업,0,,,02-995-9561
동국치과의원,치과의원,2025-09-29,202083.414110071,459901.566629144,2026-05-06 22:00:25,I,03,폐업,86.4,1,0,2025-10-01 17:12:10,,1997-07-04,,서울특별시 강북구 수유동 189번지 27호 대원빌딩,401,치과,치과의원,PHMA119973080033041100005,3080000,"서울특별시 강북구 한천로 1063-1, 대원빌딩 4층 (수유동)",01070,03,폐업,0,,,02-902-2297
나나산부인과의원,의원,2010-01-12,202477.627412151,456690.622279341,2026-05-06 22:00:25,I,03,폐업,107.04,1,0,2010-01-12 10:51:26,,1998-02-26,142-140,서울특별시 강북구 미아동 484번지 4호,110 101 104 111 108 105 114 115,"내과, 외과, 정형외과, 성형외과, 산부인과, 소아청소년과, 피부과, 비뇨의학과",의원,PHMA119983080033041100003,3080000,서울특별시 강북구 숭인로 63-1 (미아동),,03,폐업,3,,,02-984-3424
박이비인후과의원,의원,2012-02-29,202040.513822638,458755.361147282,2026-05-06 22:00:25,I,03,폐업,71.99,1,0,2012-08-13 13:32:58,,1998-03-17,142-071,서울특별시 강북구 수유동 54번지 9호,113,이비인후과,의원,PHMA119983080033041100004,3080000,서울특별시 강북구 도봉로 255 (수유동),,03,폐업,0,,,02-986-0009
명보한의원,한의원,2015-04-30,202479.319205881,457031.178250753,2026-05-06 22:00:25,I,03,폐업,70.3,1,0,2015-04-28 11:12:55,,1998-03-23,142-805,서울특별시 강북구 송천동 62번지 39호,301 303 302 308 305 304,"한방내과, 한방부인과, 한방소아과, 한방안·이비인후·피부과, 한방신경정신과, 침구과",한의원,PHMA119983080033041100005,3080000,서울특별시 강북구 솔샘로68길 34 (미아동),,03,폐업,0,,,02-988-9918
백치과의원,치과의원,2024-04-26,202551.555858007,456831.729022421,2026-05-06 22:00:25,I,03,폐업,108.95,1,0,2024-04-29 13:02:24,,1998-07-18,,서울특별시 강북구 미아동 61번지 81호,401,치과,치과의원,PHMA119983080033041100007,3080000,서울특별시 강북구 도봉로 53 (미아동),01211,03,폐업,0,,,02-984-5454
김승헌신경외과의원,의원,2010-01-29,202611.080917488,456770.630403897,2026-05-06 22:00:25,I,03,폐업,171.37,1,0,2010-01-29 14:31:12,,1999-01-25,142-804,서울특별시 강북구 송중동 71번지 5호,106 104 105 101 120,"내과, 외과, 정형외과, 신경외과, 재활의학과",의원,PHMA119993080033041100001,3080000,서울특별시 강북구 도봉로 48 (미아동),,03,폐업,0,,,02-980-8275
운산한의원,한의원,2012-10-15,202277.984105358,457995.408640844,2026-05-06 22:00:25,I,03,폐업,148.1,1,0,2012-10-15 15:21:16,,1999-05-04,142-100,서울특별시 강북구 미아동 310번지 1호,301 302 303 304 305 308,"한방내과, 한방부인과, 한방소아과, 한방안·이비인후·피부과, 한방신경정신과, 침구과",한의원,PHMA119993080033041100004,3080000,서울특별시 강북구 도봉로 175 (미아동),,03,폐업,0,,,02-945-8575
강북성모의원,의원,2010-06-28,201908.780881833,456922.034775216,2026-05-06 22:00:25,I,03,폐업,85.7,1,1,2010-06-28 14:51:36,,1999-05-11,142-140,서울특별시 강북구 미아동 637번지 183호,101 111 114 115 105,"내과, 정형외과, 소아청소년과, 피부과, 비뇨의학과",의원,PHMA119993080033041100005,3080000,서울특별시 강북구 삼양로 120 (미아동),,03,폐업,1,,,02-945-7541
강북성심의원,의원,2013-01-18,202906.457693916,457109.252372127,2026-05-06 22:00:25,I,03,폐업,249.9,1,5,2013-01-18 10:49:45,,1999-07-23,142-800,서울특별시 강북구 송중동 87번지 54호,101 111 113 104 105 114,"내과, 외과, 정형외과, 소아청소년과, 이비인후과, 피부과",의원,PHMA119993080033041100006,3080000,서울특별시 강북구 오현로 32 (미아동),,03,폐업,19,,,02-983-7581
경희한의원,한의원,2024-12-22,202536.541879297,456758.813670659,2026-05-06 22:00:25,I,03,폐업,58.82,1,0,2024-12-23 17:13:28,,1999-08-24,142-100,서울특별시 강북구 미아동 60번지 5호,301 304 302 305 308 303,"한방내과, 한방부인과, 한방소아과, 한방안·이비인후·피부과, 한방신경정신과, 침구과",한의원,PHMA119993080033041100008,3080000,서울특별시 강북구 도봉로 45 (미아동),01211,03,폐업,0,,,02-989-1075
강북중앙외과의원,의원,2009-04-22,202015.130768158,459171.78571708,2026-05-06 22:00:25,I,03,폐업,221.44,1,0,2009-04-22 10:42:53,,1999-11-13,142-867,서울특별시 강북구 번1동 449번지 4호,104 101 105 111 114 115,"내과, 외과, 정형외과, 소아청소년과, 피부과, 비뇨의학과",의원,PHMA119993080033041100011,3080000,서울특별시 강북구 도봉로 296 (번동),,03,폐업,0,,,02-993-8275
사랑의치과의원,치과의원,2009-12-09,201941.615819873,458657.557598305,2026-05-06 22:00:25,I,03,폐업,0,1,0,2009-12-09 14:52:00,,1999-11-17,142-810,서울특별시 강북구 미아동 217번지 106호,401,치과,치과의원,PHMA119993080033041100012,3080000,서울특별시 강북구 도봉로67길 29 (미아동),,03,폐업,0,,,02-986-2800
두리치과의원,치과의원,2012-12-05,202437.856964626,456700.171671273,2026-05-06 22:00:25,I,03,폐업,98.76,1,0,2012-12-05 14:14:32,,2000-01-05,142-140,서울특별시 강북구 미아동 482번지 2호,401,치과,치과의원,PHMA120003080033041100002,3080000,서울특별시 강북구 숭인로 61 (미아동),,03,폐업,0,,,02-989-5967
최신치과의원,치과의원,2024-11-30,202511.464052799,459845.65899321,2026-05-06 22:00:25,I,03,폐업,89.22,1,0,2024-12-10 16:05:08,,2000-04-18,,서울특별시 강북구 번동 464번지 7호,401,치과,치과의원,PHMA120003080033041100007,3080000,"서울특별시 강북구 도봉로 386 (번동, 번동빌딩)",01056,03,폐업,0,,,02-999-3094
건강샘에이스치과,치과의원,2010-11-11,202621.016977455,456666.40708658,2026-05-06 22:00:25,I,03,폐업,129.19,1,0,2010-11-11 15:00:57,,2000-11-15,142-804,서울특별시 강북구 송중동 35번지 22호,401,치과,치과의원,PHMA120003080033041100011,3080000,서울특별시 강북구 도봉로 38 (미아동),,03,폐업,0,,,02-945-0015
정정형외과의원,의원,2012-03-31,201538.41606942,457535.955049732,2026-05-06 22:00:25,I,03,폐업,195.51,1,5,2012-04-02 16:50:05,,2000-12-02,142-110,서울특별시 강북구 미아동 838번지 19호,105 106 120 104 101 111 114 115 113 116,"내과, 외과, 정형외과, 신경외과, 소아청소년과, 이비인후과, 피부과, 비뇨의학과, 영상의학과, 재활의학과",의원,PHMA120003080033041100013,3080000,서울특별시 강북구 솔샘로 229-1 (미아동),,03,폐업,20,,,02-945-5782
고려한의원,한의원,2011-06-02,202542.224535878,456978.178605453,2026-05-06 22:00:25,I,03,폐업,102.8,2,1,2011-06-02 17:24:34,,2001-01-12,142-100,서울특별시 강북구 미아동 62번지 28호,301 304 307 308 305 302 303 306,"한방내과, 한방부인과, 한방소아과, 한방안·이비인후·피부과, 한방신경정신과, 한방재활의학과, 사상체질과, 침구과",한의원,PHMA120013080033041100001,3080000,서울특별시 강북구 도봉로 67 (미아동),,03,폐업,3,,,02-981-5161
이상인한의원,한의원,2017-03-31,200880.479051084,460449.127565766,2026-05-06 22:00:25,I,03,폐업,48.28,1,0,2017-03-31 11:17:30,,2001-01-31,,서울특별시 강북구 수유동 566번지 50호,301 302 303 305,"한방내과, 한방부인과, 한방소아과, 한방신경정신과",한의원,PHMA120013080033041100003,3080000,서울특별시 강북구 인수봉로 310 (수유동),01026,03,폐업,0,,,02-992-9640
한솔치과의원,치과의원,2016-04-11,202420.924388858,457730.175069731,2026-05-06 22:00:25,I,03,폐업,85.09,1,0,2016-04-11 17:17:01,,2001-03-20,,서울특별시 강북구 미아동 131번지 29호,401,치과,치과의원,PHMA120013080033041100005,3080000,서울특별시 강북구 도봉로 146 (미아동),01160,03,폐업,0,,,02-987-8111
서울정형외과의원,의원,2012-01-02,201447.680915415,459900.993830562,2026-05-06 22:00:25,I,03,폐업,352.53,1,0,2012-01-02 14:03:34,,2001-04-02,142-877,서울특별시 강북구 수유2동 381번지 2호,105 101 108 106 120 114 115 104 116 118,"내과, 외과, 정형외과, 신경외과, 성형외과, 피부과, 비뇨의학과, 영상의학과, 병리과, 재활의학과",의원,PHMA120013080033041100007,3080000,서울특별시 강북구 삼양로 424 (수유동),,03,폐업,0,,,02-907-1900
하나의원,의원,2023-01-29,202471.088183851,457586.626536143,2026-05-06 22:00:25,I,03,폐업,138.52,1,0,2023-05-03 15:04:52,,2001-04-24,142-809,서울특별시 강북구 미아동 134번지 23호,101 104 105 111 102 114 115,"내과, 신경과, 외과, 정형외과, 소아청소년과, 피부과, 비뇨의학과",의원,PHMA120013080033041100009,3080000,"서울특별시 강북구 도봉로 130 (미아동, 두원빌딩)",01161,03,폐업,0,,,02-986-0331
고성한의원,한의원,2019-05-20,201329.534216832,460319.47998531,2026-05-06 22:00:25,I,03,폐업,140.29,1,0,2019-05-20 10:24:47,,2001-05-03,142-877,서울특별시 강북구 수유2동 322번지 24호 2층,308 307 306 305 304 303 302 301,"한방내과, 한방부인과, 한방소아과, 한방안·이비인후·피부과, 한방신경정신과, 한방재활의학과, 사상체질과, 침구과",한의원,PHMA120013080033041100011,3080000,"서울특별시 강북구 삼양로 470-1, 2층 (수유동)",01038,03,폐업,0,,,02-906-1175
미래치과의원,치과의원,2017-11-15,201159.266946116,460664.417890535,2026-05-06 22:00:25,I,03,폐업,55.67,1,0,2017-11-15 15:29:10,,2001-05-21,,서울특별시 강북구 수유동 279번지 16호,401,치과,치과의원,PHMA120013080033041100013,3080000,"서울특별시 강북구 4.19로 2 (수유동, 우성빌딩)",01011,03,폐업,0,,,02-907-8275
리더스피부과의원,의원,2010-09-27,202624.617262819,456818.85207077,2026-05-06 22:00:25,I,03,폐업,310.4,3,0,2010-09-27 14:12:43,,2001-06-27,142-804,서울특별시 강북구 송중동 71번지 1호,114 108,"성형외과, 피부과",의원,PHMA120013080033041100015,3080000,서울특별시 강북구 도봉로 52 (미아동),,03,폐업,0,,,02-945-7070
미아사랑치과의원,치과의원,2010-11-29,202375.390768737,457684.868086159,2026-05-06 22:00:25,I,03,폐업,60.88,1,0,2011-06-14 16:05:26,,2001-07-02,142-140,서울특별시 강북구 미아동 322번지 1호,401,치과,치과의원,PHMA120013080033041100016,3080000,서울특별시 강북구 도봉로 143 (미아동),,03,폐업,0,,,02-980-6560
서울방사선과의원,의원,2008-11-28,201839.42546198,457342.214452314,2026-05-06 22:00:26,I,03,폐업,204.33,1,0,2008-11-28 14:18:19,,2001-10-10,142-819,서울특별시 강북구 미아동 682번지 11호,116,영상의학과,의원,PHMA120013080033041100023,3080000,서울특별시 강북구 삼양로 162 (미아동),,03,폐업,0,,,02-986-1411
김동기한의원,한의원,2011-11-11,202228.431717714,458158.105668456,2026-05-06 22:00:26,I,03,폐업,142.94,1,0,2011-11-11 14:44:42,,2001-10-31,142-812,서울특별시 강북구 미아동 304번지 2호,301 304 307 302 305 308 306 303,"한방내과, 한방부인과, 한방소아과, 한방안·이비인후·피부과, 한방신경정신과, 한방재활의학과, 사상체질과, 침구과",한의원,PHMA120013080033041100027,3080000,서울특별시 강북구 도봉로 191 (미아동),,03,폐업,0,,,02-985-3088
더사랑치과의원,치과의원,2025-02-04,202017.708431621,459128.394807809,2026-05-06 22:00:26,I,03,폐업,185.48,1,0,2025-02-04 10:08:52,,2001-11-23,142-803,서울특별시 강북구 미아동 160번지 2호,401,치과,치과의원,PHMA120013080033041100028,3080000,"서울특별시 강북구 덕릉로 88, 2층 (미아동)",01128,03,폐업,0,,,02-989-2503
서울민치과의원,치과의원,2010-02-26,,,2026-05-06 22:00:26,I,03,폐업,84.15,1,0,2010-02-26 16:15:33,,2002-01-24,142-801,서울특별시 강북구 송중동 3번지 264호,401 201 202 203 204 205 206 207 208 209 210,"구강악안면외과, 치과보철과, 치과교정과, 소아치과, 치주과, 치과보존과, 구강내과, 구강악안면방사선과, 구강병리과, 예방치과, 치과",치과의원,PHMA120023080033041100003,3080000,서울특별시 강북구 오현로 37 (미아동),,03,폐업,0,,,02-987-7528
미아경희한의원,한의원,2022-06-30,202312.754721343,458174.799506818,2026-05-06 22:00:26,I,03,폐업,230,1,0,2023-05-24 12:05:24,,2002-02-15,,서울특별시 강북구 미아동 121번지 24호,308 307 306 305 304 303 302 301,"한방내과, 한방부인과, 한방소아과, 한방안·이비인후·피부과, 한방신경정신과, 한방재활의학과, 사상체질과, 침구과",한의원,PHMA120023080033041100007,3080000,"서울특별시 강북구 도봉로 190 (미아동, 비전빌딩)",01157,03,폐업,0,,,02-989-4166
메트로의원,의원,2010-02-08,202624.617262819,456818.85207077,2026-05-06 22:00:26,I,03,폐업,425.76,5,0,2010-02-08 17:27:07,,2002-05-16,142-804,서울특별시 강북구 송중동 71번지 1호,101 111 118 114 115 112 113 120,"내과, 소아청소년과, 안과, 이비인후과, 피부과, 비뇨의학과, 병리과, 재활의학과",의원,PHMA120023080033041100016,3080000,서울특별시 강북구 도봉로 52 (미아동),,03,폐업,0,,,02-988-0028
서울최내과의원,의원,2012-02-01,201329.534216832,460319.47998531,2026-05-06 22:00:26,I,03,폐업,122,2,0,2012-08-24 15:06:58,,2002-09-13,142-877,서울특별시 강북구 수유2동 322번지 24호,101 104 102 105 110 111 113 114 116 121,"내과, 신경과, 외과, 정형외과, 산부인과, 소아청소년과, 이비인후과, 피부과, 영상의학과, 결핵과",의원,PHMA120023080033041100023,3080000,서울특별시 강북구 삼양로 470-1 (수유동),,03,폐업,0,,,02-905-8630
지당한의원,한의원,2016-04-18,200886.333781015,457645.184347648,2026-05-06 22:00:26,I,03,폐업,88.5,1,0,2016-04-18 13:57:04,,2002-10-10,142-100,서울특별시 강북구 미아동 1354번지 벽산아파트 단지내 상가 112호,301 304 302 305 308 303,"한방내과, 한방부인과, 한방소아과, 한방안·이비인후·피부과, 한방신경정신과, 침구과",한의원,PHMA120023080033041100026,3080000,서울특별시 강북구 인수봉로 18 (미아동),01186,03,폐업,0,,,02-983-2223
서울웰치과의원,치과의원,2020-10-16,200886.333781015,457645.184347648,2026-05-06 22:00:26,I,03,폐업,79.4,1,0,2020-10-16 09:12:52,,2002-10-16,142-110,"서울특별시 강북구 미아동 1354번지 벽산아파트 단지내 상가 119,120호",411 410 409 408 407 406 405 404 403 402,"구강악안면외과, 치과보철과, 치과교정과, 소아치과, 치주과, 치과보존과, 구강내과, 영상치의학과, 구강병리과, 예방치과",치과의원,PHMA120023080033041100027,3080000,서울특별시 강북구 인수봉로 18 (미아동),01186,03,폐업,0,,,02-984-2804
강소아과의원,의원,2014-04-30,201486.884571231,457550.945335362,2026-05-06 22:00:26,I,03,폐업,79.2,1,0,2014-04-30 15:34:36,,2003-01-17,142-100,서울특별시 강북구 미아동 838번지 4호,111 113 101,"내과, 소아청소년과, 이비인후과",의원,PHMA120033080033041100001,3080000,서울특별시 강북구 솔샘로 223 (미아동),,03,폐업,0,,,02-988-8828
렛츠메디정소아과의원,의원,2018-03-29,201059.873232343,457514.212737818,2026-05-06 22:00:26,I,03,폐업,69.87,1,0,2018-04-20 10:29:28,,2003-04-08,142-780,서울특별시 강북구 미아동 1353번지 5호 SK북한산시티아파트상가 202호,111 101 113 114 104,"내과, 외과, 소아청소년과, 이비인후과, 피부과",의원,PHMA120033080033041100009,3080000,"서울특별시 강북구 솔샘로 184, 202호 (미아동, SK북한산시티아파트주상가)",01192,03,폐업,0,,,02-984-5353
신일내과의원,의원,2020-08-03,202153.631928307,458358.414878053,2026-05-06 22:00:26,I,03,폐업,241.7,3,0,2021-04-02 13:10:43,,2003-05-28,142-810,서울특별시 강북구 미아동 207번지 20호 은혜클리닉 3층,101 102 111,"내과, 신경과, 소아청소년과",의원,PHMA120033080033041100012,3080000,"서울특별시 강북구 도봉로 213, 3층 (미아동, 은혜크리닉센타)",01125,03,폐업,0,,,02-980-0110
금강산한의원,한의원,2009-09-21,202872.001530644,459133.611682639,2026-05-06 22:00:26,I,03,폐업,77.8,1,0,2009-09-21 13:49:32,,2003-06-18,142-062,서울특별시 강북구 번2동 434번지 1호,401 301 302 303 305 304 308,"한방내과, 한방부인과, 한방소아과, 한방안·이비인후·피부과, 한방신경정신과, 침구과, 치과",한의원,PHMA120033080033041100015,3080000,서울특별시 강북구 덕릉로40나길 52 (번동),,03,폐업,0,,,02-946-0066
경희김성환한의원,한의원,2013-05-02,201059.873232343,457514.212737818,2026-05-06 22:00:26,I,03,폐업,76.6,1,0,2013-05-02 15:01:51,,2003-06-18,142-780,서울특별시 강북구 삼각산동 1353번지 5호 SK북한산시티아파트상가 203호,301 304 307 308 305 302 303 306,"한방내과, 한방부인과, 한방소아과, 한방안·이비인후·피부과, 한방신경정신과, 한방재활의학과, 사상체질과, 침구과",한의원,PHMA120033080033041100016,3080000,"서울특별시 강북구 솔샘로 184, 203호 (미아동, SK북한산시티아파트상가)",,03,폐업,0,,,02-983-1112
백세의원,의원,2011-02-14,201659.950735458,459145.598171329,2026-05-06 22:00:26,I,03,폐업,100,1,0,2011-02-14 13:40:49,,2003-07-30,142-077,서울특별시 강북구 수유동 47번지 53호,101 113 115 120 122 118 102 103,"내과, 신경과, 정신건강의학과, 이비인후과, 비뇨의학과, 병리과, 재활의학과, 가정의학과",의원,PHMA120033080033041100018,3080000,서울특별시 강북구 수유로 42 (수유동),,03,폐업,0,,,02-999-1916
