건물용도명,사업장명,폐업일자,좌표X,좌표Y,문화사업자구분명,문화체육업종명,데이터갱신시점,데이터갱신구분,상세영업상태코드,상세영업상태명,제작취급품목내용,시설면적,최초등록시점,지상층수,최종수정시점,인허가취소일자,인허가일자,소재지우편번호,지번주소,관리번호,개방자치단체코드,지역구분명,도로명주소,도로명우편번호,영업상태구분코드,영업상태명,주변환경명,휴업시작일자,휴업종료일자,소재지전화번호,총층수,지하층수
,동보흥행(주),2014-03-31,196554.899209998,455159.209918255,,영화제작업,2026-05-01 22:41:28,I,03,폐업,,,1986-06-14,,2014-03-31 17:07:55,,1986-06-14,,서울특별시 종로구 부암동 ***-* 한국금박빌딩 ***호,CDFF5211011986000001,3000000,,"서울특별시 종로구 자하문로 *** (부암동,한국금박빌딩 ***호)",,03,폐업,,,,,,
,(주)동숭아트센터,2014-01-17,200257.115683163,453485.12004217,,영화제작업,2026-05-01 22:41:28,I,03,폐업,,,1997-11-11,,2014-01-17 15:17:42,,1997-11-11,,서울특별시 종로구 동숭동 *-*,CDFF5211011997000002,3000000,,서울특별시 종로구 동숭길 *** (동숭동),,03,폐업,,,,,,
,(주)외눈거인,2014-03-25,198916.797949788,452841.987926101,,영화제작업,2026-05-01 22:41:29,I,03,폐업,,,2001-07-26,,2014-03-26 09:13:06,,2001-07-26,,서울특별시 종로구 원서동 *** 볼재빌딩 *층,CDFF5211012001000006,3000000,,"서울특별시 종로구 율곡로 ** (원서동,볼재빌딩 *층)",,03,폐업,,,,,,
,시네마달,2012-05-03,198921.677961475,453322.733575101,,영화제작업,2026-05-01 22:41:29,I,03,폐업,,,2002-06-21,,2014-01-20 11:27:04,,2002-06-21,,서울특별시 종로구 원서동 **-** 현대빌라 *층,CDFF5211012002000005,3000000,,"서울특별시 종로구 창덕궁*길 ** (원서동,현대빌라 *층)",,03,폐업,,,,,,
,영화사달마소컴퍼니,2014-04-02,199695.055669341,453827.024551811,,영화제작업,2026-05-01 22:41:29,I,03,폐업,,,2004-02-10,,2014-04-03 17:22:08,,2004-02-10,,서울특별시 종로구 명륜*가 **-**,CDFF5211012004000001,3000000,,서울특별시 종로구 혜화로*길 ** (명륜*가),,03,폐업,,,,,,
,김응수필름,2014-03-28,199863.826422762,453804.229945497,,영화제작업,2026-05-01 22:41:29,I,03,폐업,,,2004-05-15,,2014-03-28 15:39:40,,2004-05-15,,서울특별시 종로구 명륜*가 **-*,CDFF5211012004000002,3000000,,서울특별시 종로구 혜화로*길 **-* (명륜*가),,03,폐업,,,,,,
,(주)오주필름,2014-04-17,198584.481111065,453384.510406248,,영화제작업,2026-05-01 22:41:29,I,03,폐업,,,2004-08-04,,2014-04-17 15:29:55,,2004-08-04,,서울특별시 종로구 가회동 **-**,CDFF5211012004000007,3000000,,서울특별시 종로구 북촌로 **-* (가회동),,03,폐업,,,,,,
,(주)조이슈즈,2014-04-03,196668.877563099,455055.264019484,,영화제작업,2026-05-01 22:41:29,I,03,폐업,,,2004-11-01,,2014-04-03 17:21:44,,2004-11-01,,서울특별시 종로구 부암동 ***-* 울트라 ***호,CDFF5211012004000010,3000000,,"서울특별시 종로구 자하문로 *** (부암동,울트라 ***호)",,03,폐업,,,,,,
,(주)룩앳미디어,2019-04-30,198916.797949788,452841.987926101,,영화제작업,2026-05-01 22:41:29,I,03,폐업,,,2004-12-16,,2019-04-30 20:29:15,,2004-12-16,,서울특별시 종로구 원서동 *** 볼재빌딩 *층,CDFF5211012004000012,3000000,,"서울특별시 종로구 율곡로 ** (원서동,볼재빌딩 *층)",,03,폐업,,,,,,
,(주)한길마이크로,2015-05-21,198907.404761229,453203.751967767,,영화제작업,2026-05-01 22:41:30,I,03,폐업,,,2007-05-14,,2015-05-21 11:06:49,,2007-05-14,,서울특별시 종로구 원서동 ***-** 신광빌라 ***호,CDFF5211012007000002,3000000,,"서울특별시 종로구 창덕궁*나길 ** (원서동,신광빌라 ***호)",,03,폐업,,,,,,
,남북사랑의빵나누기운동본부 영화제작부,2014-03-05,199249.497248083,452172.752346469,,영화제작업,2026-05-01 22:41:30,I,03,폐업,,,2007-05-23,,2014-03-05 17:11:58,,2007-05-23,,서울특별시 종로구 묘동 ** 황횽귀금속상가 ***,CDFF5211012007000003,3000000,,"서울특별시 종로구 돈화문로*가길 ** (묘동,황횽귀금속상가 ***)",,03,폐업,,,,,,
,(주)아트서비스,2014-04-08,197612.137033978,452831.555366395,,영화제작업,2026-05-01 22:41:30,I,03,폐업,,,2007-05-28,,2014-11-25 18:46:18,,2007-05-28,,서울특별시 종로구 통의동 **-**,CDFF5211012007000004,3000000,,서울특별시 종로구 효자로 ** (통의동),,03,폐업,,,,20018850,,
,(주)공감영화사,2010-04-14,197734.954921397,456411.118211104,,영화제작업,2026-05-01 22:41:30,I,03,폐업,,,2007-08-14,,2010-04-29 09:23:42,,2007-08-14,,서울특별시 종로구 평창동 **-** 서호빌딩 ***호,CDFF5211012007000005,3000000,,"서울특별시 종로구 평창문화로 ***  (평창동,서호빌딩 ***호)",,03,폐업,,,,60831808,,
,(주)현대에이치알엔터테인먼트,2014-10-23,198817.289034611,452901.786745273,,영화제작업,2026-05-01 22:41:30,I,03,폐업,,,2007-09-14,,2014-10-27 09:14:39,,2007-09-14,,서울특별시 종로구 계동 ***-* 현대본사 빌딩 신라픽쳐스,CDFF5211012007000006,3000000,,"서울특별시 종로구 율곡로 ** (계동,현대본사 빌딩 신라픽쳐스)",,03,폐업,,,,,,
,(주)엠케이픽처스,2013-01-28,197196.866507381,452814.968803256,,영화제작업,2026-05-01 22:41:30,I,03,폐업,,,2008-01-22,,2014-04-03 19:04:28,,2008-01-22,,서울특별시 종로구 필운동 **,CDFF5211012008000002,3000000,,,,03,폐업,,,,21932024,,
,(주)브랜드스토리,2015-06-15,198624.006469032,452310.752960617,,영화제작업,2026-05-01 22:41:30,I,03,폐업,,,2008-03-21,,2015-06-15 13:35:21,,2008-03-21,,서울특별시 종로구 관훈동 ***-** 백상빌딩 본관 **층 ****호,CDFF5211012008000004,3000000,,"서울특별시 종로구 인사동*길 ** (관훈동,백상빌딩 본관 **층 ****호)",,03,폐업,,,,,,
,동영글로벌,2014-04-21,198351.818737482,451921.60302604,,영화제작업,2026-05-01 22:41:30,I,03,폐업,,,2008-10-24,,2014-04-21 18:07:01,,2008-10-24,,서울특별시 종로구 서린동 ** 영풍빌딩 *층,CDFF5211012008000011,3000000,,"서울특별시 종로구 청계천로 ** (서린동,영풍빌딩 *층)",,03,폐업,,,,,,
,(주)컴퍼니엘,2021-06-16,198324.653631679,452252.812389497,,영화제작업,2026-05-01 22:41:31,I,03,폐업,,,2010-01-06,,2021-06-17 09:48:00,,2010-01-06,,서울특별시 종로구 수송동 ** 두산위브파빌리온 ****호,CDFF5211012010000001,3000000,,"서울특별시 종로구 삼봉로 **, ****호 (수송동, 두산위브파빌리온)",,03,폐업,,,,,,
,아이시네마,2010-05-31,196817.517924251,454541.172326235,,영화제작업,2026-05-01 22:41:31,I,03,폐업,,,2010-03-25,,2010-05-31 13:19:28,,2010-03-25,,서울특별시 종로구 부암동 ***-* ***호,CDFF5211012010000003,3000000,,"서울특별시 종로구 창의문로**길 **  (부암동,***호)",,03,폐업,,,,,,
,영화사 돼지꿈,2010-12-17,196828.928666125,455080.0109352,,영화제작업,2026-05-01 22:41:31,I,03,폐업,,,2010-03-25,,2010-12-27 11:41:00,,2010-03-25,,서울특별시 종로구 부암동 ***-** 부암빌라 다-***,CDFF5211012010000004,3000000,,"서울특별시 종로구 백석동길 ***-**  (부암동,부암빌라 다-***)",,03,폐업,,,,,,
,산지,2020-05-08,197383.41956245,453240.857215287,,영화제작업,2026-05-01 22:41:31,I,03,폐업,,,2010-04-12,,2020-05-11 10:09:30,,2010-04-12,,서울특별시 종로구 창성동 ***,CDFF5211012010000006,3000000,,서울특별시 종로구 자하문로 ** (창성동),,03,폐업,,,,,,
,코르코르디움,2013-04-02,199869.958399202,453497.646561018,,영화제작업,2026-05-01 22:41:31,I,03,폐업,,,2010-04-30,,2013-04-03 17:45:12,,2010-04-30,,서울특별시 종로구 명륜*가 ***-* *층,CDFF5211012010000011,3000000,,"서울특별시 종로구 창경궁로 ***-*  (명륜*가,*층)",,03,폐업,,,,,,
,영화사 재인,2013-01-08,198434.645520457,453607.953897459,,영화제작업,2026-05-01 22:41:31,I,03,폐업,,,2011-02-16,,2013-01-09 15:52:40,,2011-02-16,,서울특별시 종로구 삼청동 **-*** *층,CDFF5211012011000001,3000000,,"서울특별시 종로구 북촌로**길 **-*  (삼청동,*층)",,03,폐업,,,,,,
,(주)비엠필름,2014-04-15,,,,영화제작업,2026-05-01 22:41:31,I,03,폐업,,,2011-03-25,,2014-04-15 19:57:29,,2011-03-25,,서울특별시 종로구 관수동 **,CDFF5211012011000002,3000000,,,,03,폐업,,,,,,
,마술램프,2013-08-09,199666.948921028,453452.586227938,,영화제작업,2026-05-01 22:41:31,I,03,폐업,,,2011-06-08,,2013-08-09 16:55:00,,2011-06-08,,서울특별시 종로구 명륜*가 ***-* 지하*층,CDFF5211012011000004,3000000,,"서울특별시 종로구 성균관로*길 **-*  (명륜*가,지하*층)",,03,폐업,,,,,,
,핑크로봇필름,2012-06-28,197349.648177062,453044.536805663,,영화제작업,2026-05-01 22:41:32,I,03,폐업,,,2010-07-05,,2012-07-02 16:44:04,,2010-07-05,,서울특별시 종로구 통인동 ***,CDFF5211012011000010,3000000,,서울특별시 종로구 자하문로**길 * (통인동),,03,폐업,,,,,,
,셀빈라이스,2015-01-12,197233.75101683,453435.224317413,,영화제작업,2026-05-01 22:41:32,I,03,폐업,,,2012-01-10,,2015-01-12 16:57:49,,2012-01-10,,서울특별시 종로구 신교동 **-** ***호,CDFF5211012012000001,3000000,,"서울특별시 종로구 자하문로**길 **, *층 ***호 (신교동)",,03,폐업,,,,,,
,다트앤,2013-02-28,198938.628193769,452464.092338006,,영화제작업,2026-05-01 22:41:32,I,03,폐업,,,2012-03-26,,2013-03-05 13:03:42,,2012-03-26,,서울특별시 종로구 익선동 ** 비즈웰오피스텔 ***호,CDFF5211012012000007,3000000,,"서울특별시 종로구 삼일대로**길 **, ***호 (익선동, 비즈웰오피스텔)",,03,폐업,,,,,,
,정동필름 주식회사,2014-03-31,200198.347200405,452605.032953208,,영화제작업,2026-05-01 22:41:32,I,03,폐업,,,2012-07-09,,2014-03-31 11:34:08,,2012-07-09,,서울특별시 종로구 이화동 *** 신영빌딩 *층,CDFF5211012012000015,3000000,,"서울특별시 종로구 율곡로**길 *, *층 (이화동, 신영빌딩)",,03,폐업,,,,02-541-9930,,
,거기서 기다려줘요,2013-04-10,197165.654249255,456180.749959012,,영화제작업,2026-05-01 22:41:32,I,03,폐업,,,2012-07-30,,2013-12-10 11:16:14,,2012-07-30,,서울특별시 종로구 평창동 *** 금강파크빌리지 *동 ***호,CDFF5211012012000017,3000000,,"서울특별시 종로구 평창**길 *-**, *동 ***호 (평창동, 금강파크빌리지)",,03,폐업,,,,02-391-0492,,
,(주) 미디어 바오밥,2018-03-28,198150.300374121,452019.212642931,,영화제작업,2026-05-01 22:41:32,I,03,폐업,,,2012-09-13,,2018-03-28 17:33:06,,2012-09-13,,서울특별시 종로구 종로*가 ** 르메이에르 종로 B동 ****호,CDFF5211012012000018,3000000,,"서울특별시 종로구 종로 **, B동 ****호 (종로*가, 르메이에르 종로)",,03,폐업,,,,,,
,(주)영화사 재인,2013-07-01,198904.850792561,453370.177274816,,영화제작업,2026-05-01 22:41:32,I,03,폐업,,,2013-01-10,,2013-07-02 17:32:55,,2013-01-10,,서울특별시 종로구 원서동 **-**,CDFF5211012013000001,3000000,,서울특별시 종로구 창덕궁*길 **-* (원서동),,03,폐업,,,,,,
,비욘뒤에스(beyond S.),2015-06-09,199635.069254984,453396.280071147,,영화제작업,2026-05-01 22:41:33,I,03,폐업,,,2013-06-27,,2015-06-09 18:11:12,,2013-06-27,,서울특별시 종로구 명륜*가 *-*** ***호,CDFF5211012014000006,3000000,,"서울특별시 종로구 창경궁로**길 **-*, ***(좌측)호 (명륜*가)",,03,폐업,,,,,,
,자코(ZAKO),2020-01-23,196791.519736462,453219.565470647,,영화제작업,2026-05-01 22:41:33,I,03,폐업,,,2014-05-16,,2020-01-28 13:50:43,,2014-05-16,,서울특별시 종로구 누상동 ***-*** 우경하이츠 B**호,CDFF5211012014000007,3000000,,"서울특별시 종로구 옥인*길 **, B**호 (누상동, 우경하이츠)",,03,폐업,,,,02-722-9838,,
,몬스터필름,2015-06-30,199821.627625442,453360.147414481,,영화제작업,2026-05-01 22:41:33,I,03,폐업,,,2014-06-25,,2015-08-17 17:53:08,,2014-06-25,,서울특별시 종로구 명륜*가 *** 이화빌딩 ***호,CDFF5211012014000011,3000000,,"서울특별시 종로구 창경궁로 ***, *층 ***호 (명륜*가, 이화빌딩)",,03,폐업,,,,,,
,주식회사 지원아이엔티,2024-01-24,197567.747824202,452347.973860449,,영화제작업,2026-05-01 22:41:34,I,03,폐업,,,2015-01-30,,2024-01-24 17:51:38,,2015-01-30,,서울특별시 종로구 내수동 ** 용비어천가 ***호,CDFF5211012015000003,3000000,,"서울특별시 종로구 새문안로*길 **, ***호 (내수동, 용비어천가)",,03,폐업,,,,,,
,(주)수현재엔터테인먼트,2018-11-30,200219.241557773,453384.373630273,,영화제작업,2026-05-01 22:41:34,I,03,폐업,,,2015-04-30,,2018-12-05 14:50:45,,2015-04-30,,서울특별시 종로구 동숭동 *-** *층,CDFF5211012015000009,3000000,,"서울특별시 종로구 대학로**길 **, *층 (동숭동)",,03,폐업,,,,02-3672-0900,,
,민치앤필름,2016-12-30,197129.035717985,453800.281644629,,영화제작업,2026-05-01 22:41:34,I,03,폐업,,,2015-05-15,,2017-01-04 13:26:45,,2015-05-15,,서울특별시 종로구 청운동 **-** ***호,CDFF5211012015000010,3000000,,"서울특별시 종로구 자하문로**가길 *, ***호 (청운동)",,03,폐업,,,,02-730-0747,,
,(주)나래홀딩스,2024-05-23,200347.130977066,453203.269596973,,영화제작업,2026-05-01 22:41:34,I,03,폐업,,,2015-06-24,,2024-05-23 20:03:53,,2015-06-24,,서울특별시 종로구 동숭동 ***-**,CDFF5211012015000012,3000000,,"서울특별시 종로구 동숭*길 *-*, *층 (동숭동)",,03,폐업,,,,070-4616-2855,,
,사인엔터테인먼트,2023-12-13,197221.234667347,452995.502118213,,영화제작업,2026-05-01 22:41:34,I,03,폐업,,,2014-02-21,,2023-12-13 14:44:25,,2014-02-21,,서울특별시 종로구 누하동 ***,CDFF5211012015000014,3000000,,서울특별시 종로구 자하문로*길 **-* (누하동),,03,폐업,,,,02-532-4875,,
,볼미디어,2016-07-30,197345.183070063,452769.217228138,,영화제작업,2026-05-01 22:41:35,I,03,폐업,,,2016-04-14,,2017-07-14 15:31:12,,2016-04-14,,서울특별시 종로구 체부동 ***-*,CDFF5211012016000005,3000000,,서울특별시 종로구 자하문로*라길 ** (체부동),03041,03,폐업,,,,,,
,민치앤필름(MINCH&FILMS),2022-12-21,197332.868538775,453178.921125128,,영화제작업,2026-05-01 22:41:35,I,03,폐업,,,2016-04-18,,2022-12-22 09:05:54,,2016-04-18,,서울특별시 종로구 통인동 *-*,CDFF5211012016000006,3000000,,"서울특별시 종로구 자하문로 **, *층 ***호 (통인동, 효자아파트)",03036,03,폐업,,,,02-730-0747,,
,(주)해오름이앤티,2025-03-24,199978.479677324,453567.542008225,,영화제작업,2026-05-01 22:41:35,I,03,폐업,,,2017-12-07,,2025-03-26 17:23:35,,2017-12-07,,서울특별시 종로구 명륜*가 **-* 명륜프라자 지하*층,CDFF5211012017000013,3000000,,"서울특별시 종로구 창경궁로 ***, 지하*층 (명륜*가, 명륜프라자)",03077,03,폐업,,,,02-984-7567,,
,주식회사 이타카컴퍼니,2024-03-18,197607.398336321,452120.026024435,,영화제작업,2026-05-01 22:41:36,I,03,폐업,,,2020-02-26,,2024-03-25 15:18:22,,2020-02-26,,서울특별시 종로구 당주동 ***,CDFF5211012020000004,3000000,,"서울특별시 종로구 세종대로**길 **, ***-***호 (당주동)",03182,03,폐업,,,,070-8950-0323,,
,수피아 주식회사,2025-03-17,196964.362241093,453795.84799653,,영화제작업,2026-05-01 22:41:36,I,03,폐업,,,2002-01-23,,2025-03-17 17:10:30,,2002-01-23,,서울특별시 종로구 청운동 **-** 에벤에셀,CDFF5211012020000007,3000000,,"서울특별시 종로구 자하문로**길 **, *층 (청운동, 에벤에셀)",03031,03,폐업,,,,,,
,(주)청년비스튜디오,2024-12-31,199509.962000656,451888.555001545,,영화제작업,2026-05-01 22:41:36,I,03,폐업,,,2021-01-28,,2025-01-14 13:35:16,,2021-01-28,,서울특별시 종로구 장사동 ***-* 세운상가,CDFF5211012021000005,3000000,,"서울특별시 종로구 청계천로 ***, 세운상가 ***호 (장사동)",03194,03,폐업,,,,,,
,부엉이필름,2025-01-24,201168.350187013,453134.920223381,,영화제작업,2026-05-01 22:41:36,I,03,폐업,,,2021-06-10,,2025-01-24 15:21:57,,2021-06-10,,서울특별시 종로구 창신동 *** 창신쌍용아파트 *지구,CDFF5211012021000012,3000000,,"서울특별시 종로구 동망산길 **, ***동 ***호 (창신동, 창신쌍용아파트 *지구)",03093,03,폐업,,,,,,
,띵스토리,2025-01-31,197657.298110478,452243.596729853,,영화제작업,2026-05-01 22:41:37,I,03,폐업,,,2023-03-10,,2025-02-25 16:30:50,,2023-03-10,,서울특별시 종로구 당주동 *-*,CDFF5211012023000005,3000000,,"서울특별시 종로구 새문안로*가길 *-*, ***A호 (당주동)",03173,03,폐업,,,,,,
,오스카 프로덕션,2024-05-13,199587.540174946,453459.387132887,,영화제작업,2026-05-01 22:41:37,I,03,폐업,,,2024-04-24,,2024-05-17 08:57:01,,2024-04-24,,서울특별시 종로구 명륜*가 *-***,CDFF5211012024000005,3000000,,"서울특별시 종로구 창경궁로**길 **, ***호 (명륜*가)",03073,03,폐업,,,,,,
,쓰리폭스나이트,2010-08-05,193843.18335662,456040.446092867,,영화제작업,2026-05-01 22:41:23,I,03,폐업,,,2009-03-09,,2010-08-09 11:47:37,,2009-03-09,,서울특별시 은평구 녹번동 ***-* ***호,CDFF5211012010000003,3110000,,"서울특별시 은평구 녹번로 **-**,  ***호 (녹번동)",,03,폐업,,,,,,
,예씨네,2015-01-15,191574.65515912,453670.444959582,,영화제작업,2026-05-01 22:41:23,I,03,폐업,,,2010-04-07,,2015-01-15 10:44:27,,2010-04-07,,서울특별시 은평구 증산동 **-** *층,CDFF5211012010000004,3110000,,"서울특별시 은평구 증산로*길 **-** (증산동,*층)",,03,폐업,,,,,,
,스페이스끌림,2013-04-08,193108.076496971,455148.051069654,,영화제작업,2026-05-01 22:41:23,I,03,폐업,,,2010-04-12,,2013-04-08 16:31:58,,2010-04-12,,서울특별시 은평구 응암동 ***-** ***호,CDFF5211012010000005,3110000,,"서울특별시 은평구 응암로**가길 *-*, ***호 (응암동)",,03,폐업,,,,,,
,고교강호프로젝트(주),2011-12-30,191574.65515912,453670.444959582,,영화제작업,2026-05-01 22:41:23,I,03,폐업,,,2010-08-30,,2012-01-05 18:10:26,,2010-08-30,,서울특별시 은평구 증산동 **-** *층,CDFF5211012010000006,3110000,,"서울특별시 은평구 증산로*길 **-**  (증산동,*층)",,03,폐업,,,,,,
,즐거운생활,2014-12-31,,,,영화제작업,2026-05-01 22:41:23,I,03,폐업,,,2010-09-08,,2014-12-31 15:43:08,,2010-09-08,,서울특별시 은평구 녹번동 **-* 송학그린빌라 ***호,CDFF5211012010000007,3110000,,"서울특별시 은평구 통일로**길 **, ***호 (녹번동,송학그린빌라)",,03,폐업,,,,,,
,라임하우스,2015-02-05,191975.782081055,454043.637510088,,영화제작업,2026-05-01 22:41:23,I,03,폐업,,,2013-01-29,,2015-02-05 12:53:13,,2013-01-29,,서울특별시 은평구 증산동 ***-***,CDFF5211012013000001,3110000,,서울특별시 은평구 증산로**가길 * (증산동),,03,폐업,,,,,,
,휴먼N네이쳐,2014-01-08,191735.966015513,456966.900505185,,영화제작업,2026-05-01 22:41:23,I,03,폐업,,,2013-02-01,,2020-10-28 14:08:43,,2013-02-01,,서울특별시 은평구 구산동 ***-** 동익파크아파트 *동 ***호,CDFF5211012013000002,3110000,,"서울특별시 은평구 서오릉로**길 *-*, *동 ***호 (구산동, 동익파크아파트)",,03,폐업,,,,,,
,비온뒤스튜디오,2013-12-30,191782.404698898,453922.649337719,,영화제작업,2026-05-01 22:41:23,I,03,폐업,,,2005-06-23,,2014-01-03 09:23:50,,2005-06-23,,서울특별시 은평구 증산동 *** 문영마운틴아파트 ***동 ***호,CDFF5211012013000005,3110000,,"서울특별시 은평구 증산로**길 **-*, ***동 ***호 (증산동,문영마운틴아파트)",,03,폐업,,,,,,
,장현상,2014-08-06,192714.365476998,458246.189348245,,영화제작업,2026-05-01 22:41:23,I,03,폐업,,,2013-09-24,,2014-08-06 13:15:38,,2013-09-24,,서울특별시 은평구 갈현동 *-**,CDFF5211012013000006,3110000,,서울특별시 은평구 갈현로 ***-* (갈현동),,03,폐업,,,,,,
,필투(Feeltoo),2019-05-01,192164.27088026,457330.412123463,,영화제작업,2026-05-01 22:41:23,I,03,폐업,,,2015-05-01,,2019-05-01 16:34:42,,2015-05-01,,서울특별시 은평구 갈현동 ***-**,CDFF5211012015000004,3110000,,"서울특별시 은평구 갈현로**길 **, 지층 **호 (갈현동)",,03,폐업,,,,,,
,호암,2018-11-27,191675.110338781,455850.272918731,,영화제작업,2026-05-01 22:41:23,I,03,폐업,,,2015-12-28,,2018-11-27 09:18:00,,2015-12-28,,서울특별시 은평구 역촌동 *** 개성팰리스아파트 ***호,CDFF5211012015000008,3110000,,"서울특별시 은평구 갈현로**길 **, ***호 (역촌동, 개성팰리스아파트)",03433,03,폐업,,,,,,
,사이드 웨이 (Side way),2022-11-04,192568.595271644,458435.306172361,,영화제작업,2026-05-01 22:41:23,I,03,폐업,,,2016-01-18,,2022-11-04 17:11:35,,2016-01-18,,서울특별시 은평구 갈현동 **-***,CDFF5211012016000002,3110000,,서울특별시 은평구 갈현로**가길 * (갈현동),03313,03,폐업,,,,,,
,시원씨네마,2020-11-19,192566.160620713,457996.1471375,,영화제작업,2026-05-01 22:41:23,I,03,폐업,,,2016-11-23,,2020-11-19 10:15:00,,2016-11-23,,서울특별시 은평구 갈현동 ***-**,CDFF5211012016000010,3110000,,서울특별시 은평구 갈현로**길 * (갈현동),03315,03,폐업,,,,,,
,휴먼러브픽쳐스,2018-01-22,193584.800974259,456597.809344816,,영화제작업,2026-05-01 22:41:23,I,03,폐업,,,2017-12-26,,2018-01-22 17:48:31,,2017-12-26,,서울특별시 은평구 대조동 *-* 정익제이원 ***호,CDFF5211012017000007,3110000,,"서울특별시 은평구 통일로 ***-*, 정익제이원 ***호 (대조동)",03396,03,폐업,,,,070-4142-0689,,
,주식회사 미스터로맨스 시네마랩,2025-04-11,,,,영화제작업,2026-05-01 22:41:23,I,03,폐업,,,2018-05-28,,2025-04-11 14:27:23,,2018-05-28,,서울특별시 은평구 진관동 ***-* 아이파크포레스트게이트 ****호,CDFF5211012018000005,3110000,,"서울특별시 은평구 통일로 ****, 아이파크포레스트게이트 **층 ****호 (진관동)",03311,03,폐업,,,,02-3445-1036,,
,삼족오이엔티 주식회사,2020-10-27,194029.235749604,456185.615536089,,영화제작업,2026-05-01 22:41:24,I,03,폐업,,,2019-10-22,,2020-10-28 14:15:39,,2019-10-22,,서울특별시 은평구 녹번동 * 서울혁신파크 *동,CDFF5211012019000009,3110000,,"서울특별시 은평구 통일로 ***, 서울혁신파크 *동 *층 (녹번동)",03371,03,폐업,,,,,,
,주식회사 조르바필름,2023-12-29,190705.326283408,453357.692278244,,영화제작업,2026-05-01 22:41:24,I,03,폐업,,,2021-01-17,,2023-12-29 17:33:38,,2021-01-17,,서울특별시 은평구 수색동 ***-*,CDFF5211012021000002,3110000,,"서울특별시 은평구 수색로 ***, *층 (수색동)",03489,03,폐업,,,,,,
,스트로베리플렉스,2023-12-29,193683.560534155,456842.778840644,,영화제작업,2026-05-01 22:41:24,I,03,폐업,,,2023-05-10,,2024-01-02 13:40:31,,2023-05-10,,서울특별시 은평구 불광동 ***-* 다동 ***호,CDFF5211012023000004,3110000,,"서울특별시 은평구 통일로 ***-**, 다동 ***호 (불광동)",03355,03,폐업,,,,,,
,발타자르 필름,2024-05-30,193089.39687023,457781.629981046,,영화제작업,2026-05-01 22:41:24,I,03,폐업,,,2024-02-05,,2024-05-30 16:06:50,,2024-02-05,,서울특별시 은평구 불광동 ***-** 윈스하우스,CDFF5211012024000001,3110000,,"서울특별시 은평구 통일로**나길 **-**, 윈스하우스 (불광동)",03344,03,폐업,,,,,,
,동아흥행(주),,198852.959716775,452253.942584507,,영화제작업,2026-05-01 22:41:28,I,13,영업중,,,1987-08-11,,2010-04-28 14:07:04,,1987-08-11,110-320,서울특별시 종로구 낙원동 ***-*,CDFF5211011987000001,3000000,,서울특별시 종로구 삼일대로 ***  (낙원동),,01,영업/정상,,,,,,
,(주)부영엔터테인먼트,2012-11-09,189519.862506193,448282.256149224,,영화제작업,2026-05-01 22:30:36,I,03,폐업,,,2009-06-16,,2012-11-09 16:46:59,,2009-06-16,,"서울특별시 양천구 목동 ***-** 부영그린타운*차  *층  ***호, ***호",CDFF5211012009000004,3140000,,"서울특별시 양천구 목동동로 ***  (목동,부영그린타운*차  *층  ***호, ***호)",,03,폐업,,,,34452057,,
,(주)에스피엠,2013-05-13,188584.345447275,447255.070457495,,영화제작업,2026-05-01 22:30:36,I,03,폐업,,,2010-02-08,,2013-05-13 17:30:46,,2010-02-08,,서울특별시 양천구 목동 ***-** 현대드림타워 ****호,CDFF5211012010000001,3140000,,"서울특별시 양천구 목동동로 ***-*,  ****호 (목동,현대드림타워)",,03,폐업,,,,,,
,㈜소시오커뮤니케이션,2017-04-26,189151.208015925,448200.067716589,,영화제작업,2026-05-01 22:30:37,I,03,폐업,,,2009-05-11,,2017-04-26 11:02:13,,2009-05-11,,서울특별시 양천구 목동 *** 현대월드타워 ****호,CDFF5211012011000002,3140000,,서울특별시 양천구 목동서로 ** (목동),,03,폐업,,,,02-2645-0483,,
,(주)지니앤노박,2013-04-29,189151.208015925,448200.067716589,,영화제작업,2026-05-01 22:30:37,I,03,폐업,,,2011-05-03,,2013-04-30 17:18:10,,2011-05-03,,서울특별시 양천구 목동 *** 현대월드타워 ****호,CDFF5211012011000003,3140000,,"서울특별시 양천구 목동서로 **,  ****호 (목동,현대월드타워)",,03,폐업,,,,,,
,웃음을 주는 영화,2024-12-26,189403.250556919,449060.576185684,,영화제작업,2026-05-01 22:30:40,I,03,폐업,,,2012-01-19,,2024-12-26 20:18:28,,2012-01-19,,서울특별시 양천구 목동 ***-** 세종 ***호,CDFF5211012020000003,3140000,,"서울특별시 양천구 목동중앙로**다길 **-*, ***호 (목동, 세종)",07969,03,폐업,,,,,,
,영화사지랄 (G&R Film Company),2010-02-09,187142.911551462,447741.67940117,,영화제작업,2026-05-01 22:30:33,I,03,폐업,,,2009-04-16,,2010-04-29 17:17:35,,2009-04-16,,서울특별시 강서구 화곡동 ***-* **통*반,CDFF5211012009000004,3150000,,서울특별시 강서구 곰달래로**길 *  (화곡동),,03,폐업,,,,,,
,스타치스 (Statice Film),2012-05-16,185972.675720687,448425.010935081,,영화제작업,2026-05-01 22:30:33,I,03,폐업,,,2010-08-09,,2012-05-17 09:01:47,,2010-08-09,,서울특별시 강서구 화곡동 ***-** *층,CDFF5211012010000003,3150000,,"서울특별시 강서구 가로공원로 ***-*  (화곡동,*층)",,03,폐업,,,,,,
,재미수필름,2022-02-08,186381.123146203,448412.018066883,,영화제작업,2026-05-01 22:30:35,I,03,폐업,,,2012-03-30,,2022-02-08 15:26:19,,2012-03-30,,서울특별시 강서구 화곡동 ***-*** 마운틴빌리지 ***호,CDFF5211012013000006,3150000,,"서울특별시 강서구 초록마을로**길 **-**, ***호 (화곡동, 마운틴빌리지)",07730,03,폐업,,,,,,
,(주)쏠파크,2017-02-07,187851.458569291,450002.657772859,,영화제작업,2026-05-01 22:30:35,I,03,폐업,,,2014-04-11,,2017-02-07 09:15:05,,2014-04-11,,서울특별시 강서구 등촌동 ***-** 우림보보 ****호,CDFF5211012014000003,3150000,,"서울특별시 강서구 공항대로 ***, ****호 (등촌동, 우림보보)",,03,폐업,,,,,,
,(주)영화사 조은,2025-11-24,186641.74478607,450245.440336379,,영화제작업,2026-05-01 22:30:36,I,03,폐업,,,2015-04-29,,2025-11-25 14:15:35,,2015-04-29,,서울특별시 강서구 화곡동 **** *층,CDFF5211012015000005,3150000,,"서울특별시 강서구 화곡로**길 **, *층 (화곡동)",,03,폐업,,,,02-2690-3589,,
,마그넷 엔터테인먼트,2019-10-17,187197.468812217,450519.999405521,,영화제작업,2026-05-01 22:30:36,I,03,폐업,,,2015-02-16,,2019-10-29 11:24:45,,2015-02-16,,서울특별시 강서구 등촌동 ***-** ***호,CDFF5211012015000009,3150000,,"서울특별시 강서구 공항대로**길 **, ***호 (등촌동, 청림오피스텔)",07569,03,폐업,,,,,,
,오드아이픽쳐스,2025-01-24,183839.4827194,451514.34263523,,영화제작업,2026-05-01 22:30:36,I,03,폐업,,,2016-11-09,,2025-01-24 17:27:42,,2016-11-09,,서울특별시 강서구 마곡동 *** 마곡엠밸리*단지 ***동 ***호,CDFF5211012016000005,3150000,,"서울특별시 강서구 마곡서*로 ***-**, ***동 ***호 (마곡동, 마곡엠밸리*단지)",07599,03,폐업,,,,02-2654-5711,,
,유팀(U TEAM),2018-01-02,183598.697506487,451896.899838054,,영화제작업,2026-05-01 22:30:38,I,03,폐업,,,2017-12-11,,2018-01-02 09:35:24,,2017-12-11,,서울특별시 강서구 방화동 ***-**,CDFF5211012017000008,3150000,,"서울특별시 강서구 방화동로**길 **, ***호 (방화동)",07606,03,폐업,,,,,,
,㈜피에프피,2021-11-17,184655.264279055,451864.298152252,,영화제작업,2026-05-01 22:30:39,I,03,폐업,,,2007-01-02,,2021-11-17 14:00:34,,2007-01-02,,서울특별시 강서구 마곡동 *** 두산더랜드파크 A동 ***호,CDFF5211012018000016,3150000,,"서울특별시 강서구 마곡중앙로 ***-*, 두산더랜드파크 A동 ***호 (마곡동)",07788,03,폐업,,,,02-486-6112,,
,주식회사 삼륙꽁,2021-11-03,187682.690357283,450578.892820906,,영화제작업,2026-05-01 22:30:40,I,03,폐업,,,2019-02-19,,2021-11-03 16:19:51,,2019-02-19,,서울특별시 강서구 등촌동 *** 등촌동두산위브센티움 ****호,CDFF5211012020000005,3150000,,"서울특별시 강서구 양천로 ***, 등촌동두산위브센티움 ****호 (등촌동)",07551,03,폐업,,,,,,
,유성영화(주),,199852.264596275,454122.037844147,,영화제작업,2026-05-01 22:41:28,I,13,영업중,,,1990-02-14,,2014-04-03 19:04:28,,1990-02-14,,서울특별시 종로구 명륜*가 **-**,CDFF5211011990000001,3000000,,,,01,영업/정상,,,,,,
,(주)익영영화,,,,,영화제작업,2026-05-01 22:41:28,I,13,영업중,,,1992-03-23,,2014-12-10 15:42:49,,1992-03-23,,서울특별시 종로구 돈의동 ***,CDFF5211011992000001,3000000,,,,01,영업/정상,,,,36762220,,
,쌍타,2019-10-24,173163.38158408,438618.787081016,,영화제작업,2026-05-01 22:43:06,I,03,폐업,,,2018-12-03,,2019-10-24 18:39:18,,2018-12-03,,인천광역시 남동구 구월동 ****-**,CDFF5211012018000002,3530000,,"인천광역시 남동구 문화서로**번길 **, ***호 (구월동)",21569,03,폐업,,,,,,
,주식회사 진성미디어,2021-12-30,173911.524418907,438997.918881533,,영화제작업,2026-05-01 22:43:07,I,03,폐업,,,2020-02-14,,2021-12-30 10:44:47,,2020-02-14,,인천광역시 남동구 구월동 ****-** 타워플러스,CDFF5211012020000001,3530000,,"인천광역시 남동구 구월남로 ***, 타워플러스 ****호 (구월동)",21556,03,폐업,,,,,,
,한국예술영화관협회,,198852.959716775,452253.942584507,,영화제작업,2026-05-01 22:41:30,I,03,폐업,,,2009-01-19,,2010-04-29 10:16:48,,2009-01-19,,서울특별시 종로구 낙원동 ***-* *층,CDFF5211012009000002,3000000,,"서울특별시 종로구 삼일대로 ***  (낙원동,*층)",,03,폐업,,,,,,
,주식회사 엑스엔트,,175261.519298799,446199.289952872,,영화제작업,2026-05-01 22:41:22,I,13,영업중,,,2026-02-19,,2026-02-19 15:40:30,,2026-02-19,,인천광역시 부평구 청천동 ***-* 부평테크시티,CDFF5211012026000002,3540000,,"인천광역시 부평구 부평대로 ***, 부평테크시티 ***호 (청천동)",21315,01,영업/정상,,,,070-8095-2461,,
,주식회사 구구픽쳐스,,198101.593328721,452496.362099822,,영화제작업,2026-05-01 22:41:37,I,13,영업중,,,2026-02-20,,2026-02-20 10:34:08,,2026-02-20,,서울특별시 종로구 중학동 ** 더케이트윈타워,CDFF5211012026000002,3000000,,"서울특별시 종로구 종로*길 **, 더케이트윈타워 B동 *층 ***B호 (중학동)",03142,01,영업/정상,,,,,,
,로렐필름,,192510.031301309,454032.589025453,,영화제작업,2026-05-01 22:41:24,I,13,영업중,,,2026-02-20,,2026-02-20 10:04:08,,2026-02-20,,서울특별시 은평구 응암동 ***-** 위산엘리시움,CDFF5211012026000002,3110000,,"서울특별시 은평구 응암로**길 *, **층 ****호 (응암동, 위산엘리시움)",03485,01,영업/정상,,,,,,
,(주)청년비스튜디오,,,,,영화제작업,2026-05-01 22:41:24,I,13,영업중,,,2026-03-03,,2026-03-03 17:21:54,,2026-03-03,,서울특별시 은평구 대조동 *** 베르디움STAY*,CDFF5211012026000005,3110000,,"서울특별시 은평구 통일로 ***, ***호 (대조동, 베르디움STAY*)",03391,01,영업/정상,,,,,,
,중간요새,,,,,영화제작업,2026-05-01 22:41:22,I,13,영업중,,,2026-02-13,,2026-02-13 08:45:35,,2026-02-13,,인천광역시 서구 원당동 **** 검단신도시푸르지오 더베뉴,CDFF5211012026000001,3560000,,"인천광역시 서구 이음*로 **, ****동 ***호 (원당동, 검단신도시푸르지오 더베뉴)",22868,01,영업/정상,,,,,,
,주식회사 주머니스튜디오,,183068.55405978,450983.319831035,,영화제작업,2026-05-01 22:30:43,I,13,영업중,,,2026-03-03,,2026-03-03 13:02:17,,2026-03-03,,서울특별시 강서구 공항동 **-* 이스카이오피스텔 **층 ****-**호,CDFF5211012026000006,3150000,,"서울특별시 강서구 공항대로 **-*, **층 ****-**호 (공항동, 이스카이오피스텔)",07622,01,영업/정상,,,,,,
,광옥(Glibead),,194136.256744071,457754.969991087,,영화제작업,2026-05-01 22:41:24,I,13,영업중,,,2022-09-06,,2026-02-26 09:56:09,,2022-09-06,,서울특별시 은평구 불광동 **-**,CDFF5211012026000003,3110000,,"서울특별시 은평구 불광로**길 **-*, B**호 (불광동)",03360,01,영업/정상,,,,,,
,아트랩(ArtLab),,191462.335536295,455341.61526191,,영화제작업,2026-05-01 22:41:24,I,13,영업중,,,2026-02-26,,2026-02-26 15:44:08,,2026-02-26,,서울특별시 은평구 신사동 *** 씨티아파트,CDFF5211012026000004,3110000,,"서울특별시 은평구 가좌로 ***, ***동 ****호 (신사동, 씨티아파트)",03434,01,영업/정상,,,,,,
,주식회사 더블유에이지,,185371.298773738,450793.771245265,,영화제작업,2026-05-01 22:30:43,I,13,영업중,,,2026-02-26,,2026-02-26 13:45:39,,2026-02-26,,서울특별시 강서구 마곡동 ***-* 퀸즈파크나인 ***호,CDFF5211012026000004,3150000,,"서울특별시 강서구 공항대로 ***, 퀸즈파크나인 ***호 (마곡동)",07803,01,영업/정상,,,,070-4189-1491,,
,고래스튜디오 주식회사,,185994.964119824,451596.45849391,,영화제작업,2026-05-01 22:30:43,I,13,영업중,,,2026-02-26,,2026-02-26 17:05:27,,2026-02-26,,서울특별시 강서구 등촌동 *** 경동미르웰양천향교*차 ***동 ****호,CDFF5211012026000005,3150000,,"서울특별시 강서구 강서로**가길 ***, 경동미르웰양천향교*차 ***동 ****호 (등촌동)",07573,01,영업/정상,,,,070-7608-5994,,
,넥스트에이아이필름(Next AI Film),,196438.871474518,455574.465378255,,영화제작업,2026-05-01 22:41:37,I,13,영업중,,,2026-02-09,,2026-02-10 10:10:03,,2026-02-09,,서울특별시 종로구 신영동 ***-*,CDFF5211012026000001,3000000,,"서울특별시 종로구 세검정로*길 **-*, ***호 (신영동)",03014,01,영업/정상,,,,,,
,주식회사 이립에듀,,187645.622009373,450792.695579673,,영화제작업,2026-05-01 22:30:43,I,13,영업중,,,2026-02-10,,2026-02-10 17:50:56,,2026-02-10,,서울특별시 강서구 가양동 ***-* 한화비즈메트로*차 ****호,CDFF5211012026000002,3150000,,"서울특별시 강서구 양천로 ***-**, ****호 (가양동, 한화비즈메트로*차)",07532,01,영업/정상,,,,02-511-7494,,
,씨네필,,,,,영화제작업,2026-05-01 22:41:22,I,03,폐업,,,2006-11-22,,2010-04-29 15:47:01,,2006-11-22,403-739,인천광역시 부평구 부평동 욱일아파트 *동 ****호,CDFF5211012006000001,3540000,,,,03,폐업,,,,,,
,sunny  side  film,,,,,영화제작업,2026-05-01 22:41:22,I,03,폐업,,,2011-04-27,,2015-05-08 17:42:28,,2011-04-27,,인천광역시 부평구 청천동 ***-** 일신빌라 *동 ***호,CDFF5211012011000002,3540000,,,,03,폐업,,,,032-526-2156,,
,스튜디오클레이,,185104.20167753,450725.785084054,,영화제작업,2026-05-01 22:30:43,I,13,영업중,,,2026-02-23,,2026-02-23 17:09:56,,2026-02-23,,서울특별시 강서구 마곡동 ***-* 발산W타워 ****호,CDFF5211012026000003,3150000,,"서울특별시 강서구 공항대로 ***, 발산W타워 ****호 (마곡동)",07806,01,영업/정상,,,,,,
,주식회시 앨리웨이픽처스,,197038.014064598,453401.21690659,,영화제작업,2026-05-01 22:41:37,I,13,영업중,,,2026-02-24,,2026-02-24 14:54:26,,2026-02-24,,서울특별시 종로구 옥인동 **-**,CDFF5211012026000003,3000000,,"서울특별시 종로구 필운대로 **, 비***호 (옥인동)",03033,01,영업/정상,,,,,,
,주식회사 스튜디오메타포,,197465.223921125,452366.613899898,,영화제작업,2026-05-01 22:41:37,I,13,영업중,,,2026-02-24,,2026-02-24 14:55:21,,2026-02-24,,서울특별시 종로구 내수동 ** 경희궁의아침 *단지,CDFF5211012026000004,3000000,,"서울특별시 종로구 사직로*길 **, 경희궁의아침 *단지 ****호 (내수동)",03174,01,영업/정상,,,,,,
,콘티(Con.T),,175611.561638325,432324.73974282,,영화제작업,2026-05-01 22:43:10,I,13,영업중,,,2026-02-24,,2026-02-24 12:24:50,,2026-02-24,,인천광역시 남동구 논현동 ***-* 에코메트로 *블록 한화 꿈에그린아파트,CDFF5211012026000001,3530000,,"인천광역시 남동구 에코중앙로 ***, ***동 ****호 (논현동, 에코메트로 *블록 한화 꿈에그린아파트)",21681,01,영업/정상,,,,,,
,굿보이필름(Good Boy Film),2026-01-21,197053.70352689,452266.228273895,,영화제작업,2026-05-01 22:41:37,I,15,전출,,,2025-03-12,,2026-01-21 10:35:59,,2025-03-12,,서울특별시 종로구 신문로*가 *-***,CDFF5211012025000003,3000000,,서울특별시 종로구 경희궁*가길 **-** (신문로*가),03176,05,제외/삭제/전출,,,,,,
,복미디어,,197211.218334648,452873.565649254,,영화제작업,2026-05-01 22:41:36,I,13,영업중,,,2019-08-06,,2019-08-06 10:09:58,,2019-08-06,,서울특별시 종로구 누하동 *** 환경운동연합,CDFF5211012019000015,3000000,,"서울특별시 종로구 필운대로 **, 환경운동연합 (누하동)",03039,01,영업/정상,,,,02-337-3717,,
,비밀의화원,,196790.696173131,454403.351341537,,영화제작업,2026-05-01 22:41:36,I,13,영업중,,,2008-07-16,,2019-08-13 09:20:17,,2008-07-16,,서울특별시 종로구 부암동 ***-*,CDFF5211012019000016,3000000,,"서울특별시 종로구 창의문로 ***-*, *층 (부암동)",03022,01,영업/정상,,,,,,
,스튜디오8,,198751.053912826,451962.484078847,,영화제작업,2026-05-01 22:41:36,I,13,영업중,,,2019-08-23,,2019-08-23 10:11:33,,2019-08-23,,서울특별시 종로구 종로*가 **-* 부봉빌딩,CDFF5211012019000017,3000000,,"서울특별시 종로구 종로 **-*, 부봉빌딩 *동 *층 (종로*가)",03190,01,영업/정상,,,,,,
,(주)엔터미디어픽처스,,197607.398336321,452120.026024435,,영화제작업,2026-05-01 22:41:36,I,13,영업중,,,2015-03-05,,2019-11-04 09:25:40,,2015-03-05,,서울특별시 종로구 당주동 ***,CDFF5211012019000019,3000000,,"서울특별시 종로구 세종대로**길 **, ***-***호 (당주동)",03182,01,영업/정상,,,,,,
,소공원필름,,197201.679186262,452841.830943669,,영화제작업,2026-05-01 22:41:36,I,13,영업중,,,2018-05-03,,2020-01-21 17:31:00,,2018-05-03,,서울특별시 종로구 필운동 **-* 엠제이사옥,CDFF5211012020000001,3000000,,"서울특별시 종로구 필운대로 **-**, 엠제이사옥 *층 (필운동)",03039,01,영업/정상,,,,,,
,아트비전,,201452.97033909,452034.162854757,,영화제작업,2026-05-01 22:41:36,I,13,영업중,,,2020-01-31,,2020-01-31 13:37:54,,2020-01-31,,서울특별시 종로구 창신동 ***-* 삼일아파트,CDFF5211012020000002,3000000,,"서울특별시 종로구 청계천로 ***, 삼일아파트 *동 *층 ***호 (창신동)",03118,01,영업/정상,,,,,,
,미들,,198960.426343226,453396.020819787,,영화제작업,2026-05-01 22:41:36,I,13,영업중,,,2020-02-18,,2020-02-18 18:25:10,,2020-02-18,,서울특별시 종로구 원서동 **,CDFF5211012020000003,3000000,,"서울특별시 종로구 창덕궁길 ***, *층 (원서동)",03057,01,영업/정상,,,,,,
,(주)홍시쥔,,198401.269595527,452259.089626161,,영화제작업,2026-05-01 22:41:36,I,13,영업중,,,2017-06-27,,2020-05-06 14:56:59,,2017-06-27,,서울특별시 종로구 견지동 ***-** 우정에쉐르,CDFF5211012020000008,3000000,,"서울특별시 종로구 우정국로 **, 우정에쉐르 *층 (견지동)",03150,01,영업/정상,,,,,,
,"주식회사 케이브맨(CAVEMAN Co.,Ltd)",,200291.374084556,452163.083270761,,영화제작업,2026-05-01 22:41:36,I,13,영업중,,,2020-09-16,,2020-09-16 09:47:53,,2020-09-16,,서울특별시 종로구 효제동 ***-* BS타워,CDFF5211012020000009,3000000,,"서울특별시 종로구 종로**길 **, BS타워 지층 *-*호 (효제동)",03126,01,영업/정상,,,,,,
,주식회사 화이트프레임,,198731.246361041,451962.63614134,,영화제작업,2026-05-01 22:41:36,I,13,영업중,,,2020-11-18,,2020-11-18 15:57:02,,2020-11-18,,서울특별시 종로구 종로*가 **-* 삼양빌딩,CDFF5211012020000010,3000000,,"서울특별시 종로구 종로 **-*, 삼양빌딩 *층 ***호 (종로*가)",03190,01,영업/정상,,,,,,
,파티큘러필름,,197262.973712149,453591.747319483,,영화제작업,2026-05-01 22:41:36,I,13,영업중,,,2020-12-04,,2020-12-04 13:47:16,,2020-12-04,,서울특별시 종로구 신교동 **,CDFF5211012020000011,3000000,,"서울특별시 종로구 자하문로 **-*, ***호 (신교동)",03032,01,영업/정상,,,,,,
,손엔터테인먼트,,197627.145407809,456970.482848874,,영화제작업,2026-05-01 22:41:36,I,13,영업중,,,2020-12-17,,2020-12-17 14:12:30,,2020-12-17,,서울특별시 종로구 평창동 ***-**,CDFF5211012020000014,3000000,,서울특별시 종로구 평창*길 *-* (평창동),03003,01,영업/정상,,,,,,
,(주)와이제이글로벌그룹(YJGROBAL GROUP),,200291.374084556,452163.083270761,,영화제작업,2026-05-01 22:41:36,I,13,영업중,,,2021-01-05,,2021-01-05 20:59:49,,2021-01-05,,서울특별시 종로구 효제동 ***-* BS타워,CDFF5211012021000001,3000000,,"서울특별시 종로구 종로**길 **, BS타워 지하*층 *-*-*호 (효제동)",03126,01,영업/정상,,,,,,
,(주)도호 엔터테인먼트,,198643.543485167,452199.798612424,,영화제작업,2026-05-01 22:41:36,I,13,영업중,,,2021-01-12,,2021-01-12 10:50:43,,2021-01-12,,서울특별시 종로구 인사동 ***-* 하나로빌딩,CDFF5211012021000002,3000000,,"서울특별시 종로구 인사동*길 **, 하나로빌딩 ***호 (인사동)",03162,01,영업/정상,,,,02-774-3345,,
,"주식회사 아티스트존 (Artistzone Co.,Ltd)",,200291.374084556,452163.083270761,,영화제작업,2026-05-01 22:41:36,I,13,영업중,,,2021-01-14,,2023-10-25 08:33:38,,2021-01-14,,서울특별시 종로구 효제동 ***-* BS타워,CDFF5211012021000003,3000000,,"서울특별시 종로구 종로**길 **, BS타워 지층 (효제동)",03126,01,영업/정상,,,,,,
,마름모 필름,,198375.551492525,453492.872256752,,영화제작업,2026-05-01 22:41:36,I,13,영업중,,,2021-03-04,,2021-03-04 14:07:25,,2021-03-04,,서울특별시 종로구 삼청동 **-**,CDFF5211012021000006,3000000,,서울특별시 종로구 북촌로*나길 ** (삼청동),03052,01,영업/정상,,,,,,
,(주)나이너스엔터테인먼트,,199976.765493088,452526.527263312,,영화제작업,2026-05-01 22:41:36,I,13,영업중,,,2009-06-17,,2021-03-09 17:55:13,,2009-06-17,,서울특별시 종로구 연지동 *-* 현대그룹빌딩 동관,CDFF5211012021000007,3000000,,"서울특별시 종로구 율곡로 ***, 현대그룹빌딩 동관 *층 (연지동)",03127,01,영업/정상,,,,02-797-7271,,
,(주)유무비,,198710.627966003,452498.756020916,,영화제작업,2026-05-01 22:41:36,I,13,영업중,,,2006-11-22,,2021-03-16 13:21:00,,2006-11-22,,서울특별시 종로구 경운동 **-**,CDFF5211012021000008,3000000,,"서울특별시 종로구 인사동**길 **-*, *층 (경운동)",03146,01,영업/정상,,,,,,
,(주)영화사꽃,,196835.045358571,454694.079084929,,영화제작업,2026-05-01 22:41:36,I,13,영업중,,,2012-11-21,,2021-04-07 17:03:17,,2012-11-21,,서울특별시 종로구 부암동 ***-** 로얄그린빌라,CDFF5211012021000009,3000000,,"서울특별시 종로구 자하문로**가길 **, ***호 (부암동, 로얄그린빌라)",03020,01,영업/정상,,,,02-379-2354,,
,주식회사 재감사,,201426.690277293,452362.73852297,,영화제작업,2026-05-01 22:41:36,I,13,영업중,,,2021-05-07,,2021-05-07 08:41:17,,2021-05-07,,서울특별시 종로구 숭인동 ***-*,CDFF5211012021000010,3000000,,서울특별시 종로구 종로 *** (숭인동),03113,01,영업/정상,,,,02-742-2489,,
,주식회사 마인드그라운드,,197401.904439938,452516.953248571,,영화제작업,2026-05-01 22:41:36,I,13,영업중,,,2021-05-21,,2022-07-19 06:29:57,,2021-05-21,,서울특별시 종로구 내자동 *** 희명빌딩,CDFF5211012021000011,3000000,,"서울특별시 종로구 사직로**길 **-*, 희명빌딩 가동 *층 (내자동)",03169,01,영업/정상,,,,02-2231-2011,,
,㈜렛츠필름,,200392.03350909,452381.835227355,,영화제작업,2026-05-01 22:41:36,I,13,영업중,,,2009-06-25,,2021-07-22 10:33:24,,2009-06-25,,서울특별시 종로구 충신동 ***-** 승원빌딩,CDFF5211012021000013,3000000,,"서울특별시 종로구 율곡로**나길 **-**, 승원빌딩 *층 (충신동)",03123,01,영업/정상,,,,,,
,시네라인엔터테인먼트 주식회사,,200348.502809135,452882.607271778,,영화제작업,2026-05-01 22:41:36,I,13,영업중,,,2018-08-29,,2021-09-23 09:06:34,,2018-08-29,,서울특별시 종로구 동숭동 ***-** 동진빌딩,CDFF5211012021000015,3000000,,"서울특별시 종로구 이화장길 **, 동진빌딩 *층 ***호 (동숭동)",03088,01,영업/정상,,,,02-2038-8258,,
,주식회사 엘에이에이치,,199921.762435403,452478.972724343,,영화제작업,2026-05-01 22:41:36,I,13,영업중,,,2020-09-09,,2021-11-18 17:58:54,,2020-09-09,,서울특별시 종로구 연지동 *** 진주강씨중앙회관,CDFF5211012021000016,3000000,,"서울특별시 종로구 창경궁로**길 **, 진주강씨중앙회관 *층 (연지동)",03128,01,영업/정상,,,,,,
,주식회사 프로젝트318,,196663.154382659,454436.658671411,,영화제작업,2026-05-01 22:41:36,I,13,영업중,,,2019-07-10,,2021-12-01 17:57:57,,2019-07-10,,서울특별시 종로구 부암동 ***-**,CDFF5211012021000017,3000000,,"서울특별시 종로구 창의문로*길 *-*, *층 (부암동)",03022,01,영업/정상,,,,,,
,(주)영화제작소보임,,197393.747563185,452408.438228843,,영화제작업,2026-05-01 22:41:36,I,13,영업중,,,2012-05-29,,2021-12-07 18:12:43,,2012-05-29,,서울특별시 종로구 내수동 ** 경희궁의아침 *단지,CDFF5211012021000018,3000000,,"서울특별시 종로구 사직로*길 **, 경희궁의아침 *단지 ****호 (내수동)",03174,01,영업/정상,,,,,,
,만경,,198814.878643403,453235.993909328,,영화제작업,2026-05-01 22:41:36,I,13,영업중,,,2022-01-06,,2022-01-07 09:58:14,,2022-01-06,,서울특별시 종로구 계동 **-*,CDFF5211012022000001,3000000,,서울특별시 종로구 계동길 **-** (계동),03057,01,영업/정상,,,,,,
,더비디오스,,197418.439335939,453262.185446895,,영화제작업,2026-05-01 22:41:36,I,13,영업중,,,2022-01-20,,2022-01-21 09:09:34,,2022-01-20,,서울특별시 종로구 효자동 **-*,CDFF5211012022000003,3000000,,"서울특별시 종로구 자하문로**길 *, *층 (효자동)",03042,01,영업/정상,,,,,,
,프로나운스미,,196982.7441615,453529.014208265,,영화제작업,2026-05-01 22:41:36,I,13,영업중,,,2022-01-24,,2022-01-24 15:30:15,,2022-01-24,,서울특별시 종로구 신교동 *-***,CDFF5211012022000004,3000000,,서울특별시 종로구 필운대로**길 ** (신교동),03033,01,영업/정상,,,,,,
,주식회사 헬리콘스튜디오,,196997.230863045,455942.432731295,,영화제작업,2026-05-01 22:41:36,I,13,영업중,,,2022-02-17,,2025-10-10 09:03:58,,2022-02-17,,서울특별시 종로구 평창동 ***-*,CDFF5211012022000005,3000000,,"서울특별시 종로구 평창문화로 **, *층 ***호 (평창동)",03008,01,영업/정상,,,,,,
,주식회사 프로젝트4,,197595.161312175,452460.054621887,,영화제작업,2026-05-01 22:41:37,I,13,영업중,,,2022-03-07,,2022-03-07 10:14:48,,2022-03-07,,서울특별시 종로구 적선동 *** 광화문 플래티넘,CDFF5211012022000006,3000000,,"서울특별시 종로구 새문안로*가길 **, 광화문 플래티넘 *층 ***호 (적선동)",03170,01,영업/정상,,,,,,
,㈜로드픽쳐스,,200291.374084556,452163.083270761,,영화제작업,2026-05-01 22:41:37,I,13,영업중,,,2008-03-24,,2022-03-25 13:12:10,,2008-03-24,,서울특별시 종로구 효제동 ***-* BS타워,CDFF5211012022000007,3000000,,"서울특별시 종로구 종로**길 **, BS타워 *층 ***-*호 (효제동)",03126,01,영업/정상,,,,02-332-3442,,
,주식회사 에스팀,,198503.329082237,452297.556997868,,영화제작업,2026-05-01 22:41:37,I,13,영업중,,,2021-01-29,,2022-04-12 17:13:19,,2021-01-29,,서울특별시 종로구 견지동 **-* 가야빌딩,CDFF5211012022000008,3000000,,"서울특별시 종로구 인사동*길 **, 가야빌딩 (견지동)",03149,01,영업/정상,,,,02-6081-2838,,
,흥미진진,,197090.396775689,453079.687097065,,영화제작업,2026-05-01 22:41:37,I,13,영업중,,,2022-04-25,,2022-04-26 07:09:18,,2022-04-25,,서울특별시 종로구 누하동 ***-*,CDFF5211012022000010,3000000,,"서울특별시 종로구 필운대로*나길 **-*, *층 (누하동)",03037,01,영업/정상,,,,070-8821-7991,,
,이엑스구에이치디(2X9HD),2026-02-11,197095.407440488,455620.930349112,,영화제작업,2026-05-01 22:41:37,I,15,전출,,,2018-05-11,,2026-02-11 14:44:47,,2018-05-11,,서울특별시 종로구 평창동 ***-**,CDFF5211012022000011,3000000,,"서울특별시 종로구 평창*길 **, *층 (평창동)",03011,05,제외/삭제/전출,,,,,,
,주식회사 소노캠,,200344.668371446,453124.160749017,,영화제작업,2026-05-01 22:41:37,I,13,영업중,,,2022-06-20,,2022-06-21 06:08:05,,2022-06-20,,서울특별시 종로구 동숭동 **-** 마론힐,CDFF5211012022000013,3000000,,"서울특별시 종로구 낙산길 *, ***호 (동숭동, 마론힐)",03088,01,영업/정상,,,,,,
,웁시 주식회사,,197484.983910622,452162.304535024,,영화제작업,2026-05-01 22:41:37,I,13,영업중,,,2022-06-23,,2022-06-23 15:01:27,,2022-06-23,,서울특별시 종로구 당주동 ***-** 동원빌딩,CDFF5211012022000015,3000000,,"서울특별시 종로구 새문안로*길 **, 동원빌딩 *층 (당주동)",03175,01,영업/정상,,,,070-5030-3815,,
,주식회사 젬스톤픽처스,,198656.481375233,453594.782256089,,영화제작업,2026-05-01 22:41:37,I,13,영업중,,,2017-03-14,,2025-09-02 18:06:49,,2017-03-14,,서울특별시 종로구 가회동 *-* 북촌힐스,CDFF5211012022000018,3000000,,"서울특별시 종로구 북촌로 **, ***호 (가회동, 북촌힐스)",03051,01,영업/정상,,,,,,
,주식회사 홍컴퍼니,,200182.235978058,453412.12856903,,영화제작업,2026-05-01 22:41:37,I,13,영업중,,,2022-08-18,,2022-08-18 17:03:19,,2022-08-18,,서울특별시 종로구 동숭동 *-** 동숭빌딩,CDFF5211012022000019,3000000,,"서울특별시 종로구 대학로*가길 **, 동숭빌딩 *층 ***호 (동숭동)",03086,01,영업/정상,,,,02-3444-0205,,
,주식회사 푸르모디티,,197995.218793409,451945.047247204,,영화제작업,2026-05-01 22:41:37,I,13,영업중,,,2011-04-28,,2024-03-13 14:41:28,,2011-04-28,,서울특별시 종로구 서린동 ***-* 광화문우체국,CDFF5211012022000020,3000000,,"서울특별시 종로구 종로 *, 광화문우체국 *층 (서린동)",03187,01,영업/정상,,,,02-333-0063,,
,판씨네마(주),,197095.722850724,452798.163688949,,영화제작업,2026-05-01 22:41:37,I,13,영업중,,,2022-10-07,,2022-10-07 17:09:51,,2022-10-07,,서울특별시 종로구 필운동 **-*,CDFF5211012022000021,3000000,,서울특별시 종로구 사직로*길 ** (필운동),03027,01,영업/정상,,,,02-359-0741,,
,(주)지어소프트,,198101.593328721,452496.362099822,,영화제작업,2026-05-01 22:41:37,I,13,영업중,,,2014-05-14,,2023-01-02 15:38:39,,2014-05-14,,서울특별시 종로구 중학동 ** 더케이트윈타워,CDFF5211012023000001,3000000,,"서울특별시 종로구 종로*길 **, 더케이트윈타워 에이동 **층 (중학동)",03142,01,영업/정상,,,,02-2155-5145,,
,모데스트 몬스터,,196501.979457964,454210.488743961,,영화제작업,2026-05-01 22:41:37,I,13,영업중,,,2023-02-10,,2023-02-10 11:21:16,,2023-02-10,,서울특별시 종로구 부암동 ***-**,CDFF5211012023000002,3000000,,"서울특별시 종로구 창의문로*가길 **, *층 (부암동)",03022,01,영업/정상,,,,,,
,주식회사 한류역사문화티브이,,199966.023703193,452302.347888199,,영화제작업,2026-05-01 22:41:37,I,13,영업중,,,2023-02-14,,2025-06-25 14:13:40,,2023-02-14,,서울특별시 종로구 연지동 ***-** 세림빌딩,CDFF5211012023000003,3000000,,"서울특별시 종로구 김상옥로 **, 세림빌딩 *층 ***호 (연지동)",03129,01,영업/정상,,,,02-711-1379,,
,주식회사 네오무크,,200250.326567946,452866.284441166,,영화제작업,2026-05-01 22:41:37,I,13,영업중,,,2023-02-17,,2023-02-17 16:46:06,,2023-02-17,,서울특별시 종로구 동숭동 ***-** 한국방송통신대학교 열린관,CDFF5211012023000004,3000000,,"서울특별시 종로구 이화장길 **, 한국방송통신대학교 열린관 (동숭동)",03087,01,영업/정상,,,,,,
,주식회사 뮤지컬컴퍼니에이,,198754.634182719,452404.979894277,,영화제작업,2026-05-01 22:41:37,I,13,영업중,,,2023-03-28,,2023-03-28 15:50:42,,2023-03-28,,서울특별시 종로구 경운동 **-* 건국빌딩(건국관),CDFF5211012023000006,3000000,,"서울특별시 종로구 인사동*길 **, 건국빌딩(건국관) *층 ***-*호 (경운동)",03148,01,영업/정상,,,,,,
,"다큐멘터리를 만드는 ""다큐인""",,200464.180853112,453090.06058083,,영화제작업,2026-05-01 22:41:37,I,13,영업중,,,2023-06-13,,2023-06-13 13:22:30,,2023-06-13,,서울특별시 종로구 동숭동 ***-***,CDFF5211012023000007,3000000,,서울특별시 종로구 낙산*길 ** (동숭동),03088,01,영업/정상,,,,,,
,더풀프로덕션,,199781.69958053,452511.193210686,,영화제작업,2026-05-01 22:41:37,I,13,영업중,,,2023-06-15,,2023-06-15 11:58:18,,2023-06-15,,서울특별시 종로구 원남동 **-*,CDFF5211012023000008,3000000,,"서울특별시 종로구 창경궁로**길 **, *층 (원남동)",03127,01,영업/정상,,,,02-745-9333,,
,홍해성 소극장,,200315.525649322,453201.94681626,,영화제작업,2026-05-01 22:41:37,I,13,영업중,,,2023-09-26,,2023-09-26 11:06:35,,2023-09-26,,서울특별시 종로구 동숭동 ***-**,CDFF5211012023000011,3000000,,"서울특별시 종로구 동숭길 **, 지하*층 (동숭동)",03085,01,영업/정상,,,,,,
,한사람픽쳐스,,200284.079710268,453238.540020978,,영화제작업,2026-05-01 22:41:37,I,13,영업중,,,2021-09-14,,2023-12-26 09:40:42,,2021-09-14,,서울특별시 종로구 동숭동 *-** 계우빌딩,CDFF5211012023000012,3000000,,"서울특별시 종로구 대학로**길 **, 계우빌딩 *층 ***-M***호 (동숭동)",03086,01,영업/정상,,,,,,
,트라이포드필름 주식회사,,196179.366597368,456736.653120123,,영화제작업,2026-05-01 22:41:37,I,13,영업중,,,2020-11-27,,2024-02-22 15:04:46,,2020-11-27,,서울특별시 종로구 구기동 ***-* 건덕빌라,CDFF5211012024000002,3000000,,"서울특별시 종로구 비봉*길 **, 씨동 ***호 (구기동, 건덕빌라)",03001,01,영업/정상,,,,,,
,럼프필름,,196092.743907822,456198.595931715,,영화제작업,2026-05-01 22:41:37,I,13,영업중,,,2024-02-22,,2024-02-22 09:50:16,,2024-02-22,,서울특별시 종로구 구기동 ***-* 요진오피스텔쉐레이,CDFF5211012024000003,3000000,,"서울특별시 종로구 진흥로 ***, 요진오피스텔쉐레이 ***호 (구기동)",03012,01,영업/정상,,,,,,
,사단법인 날개숲,,200102.346302785,454141.265162724,,영화제작업,2026-05-01 22:41:37,I,13,영업중,,,2024-04-18,,2024-04-18 16:51:35,,2024-04-18,,서울특별시 종로구 혜화동 **-***,CDFF5211012024000004,3000000,,"서울특별시 종로구 혜화로*길 **-*, B*층 (혜화동)",03076,01,영업/정상,,,,,,
,주식회사 스튜디오반,,200291.374084556,452163.083270761,,영화제작업,2026-05-01 22:41:37,I,13,영업중,,,2024-06-13,,2024-06-13 19:05:29,,2024-06-13,,서울특별시 종로구 효제동 ***-* BS타워,CDFF5211012024000006,3000000,,"서울특별시 종로구 종로**길 **, 비에스타워 *층 ***-*호 (효제동)",03126,01,영업/정상,,,,02-352-0766,,
,스튜디오 팔삼구,,199577.532433417,454146.68159557,,영화제작업,2026-05-01 22:41:37,I,13,영업중,,,2024-09-09,,2024-09-09 17:58:03,,2024-09-09,,서울특별시 종로구 명륜*가 *-***,CDFF5211012024000007,3000000,,"서울특별시 종로구 명륜*길 **-**, ***호 (명륜*가)",03070,01,영업/정상,,,,,,
,세이온미디어 주식회사,,200291.374084556,452163.083270761,,영화제작업,2026-05-01 22:41:37,I,13,영업중,,,2017-11-07,,2024-11-06 09:23:14,,2017-11-07,,서울특별시 종로구 효제동 ***-* BS타워 ***호,CDFF5211012024000008,3000000,,"서울특별시 종로구 종로**길 **, BS타워 ***호 (효제동)",03126,01,영업/정상,,,,02-749-9999,,
,hnh,,196809.78248634,453089.108151953,,영화제작업,2026-05-01 22:41:37,I,13,영업중,,,2024-11-13,,2024-11-13 17:23:08,,2024-11-13,,서울특별시 종로구 누상동 ***-*** 선우하이빌,CDFF5211012024000009,3000000,,"서울특별시 종로구 옥인*길 **, ***호 (누상동, 선우하이빌)",03038,01,영업/정상,,,,,,
,영화사 공생공락,,198324.653631679,452252.812389497,,영화제작업,2026-05-01 22:41:37,I,13,영업중,,,2023-02-07,,2024-12-20 10:17:05,,2023-02-07,,서울특별시 종로구 수송동 ** 두산위브파빌리온,CDFF5211012024000010,3000000,,"서울특별시 종로구 삼봉로 **, 두산위브파빌리온 ****호 (수송동)",03150,01,영업/정상,,,,,,
,(주)선댄스(SUNDANCE),,199751.041966644,454122.599146847,,영화제작업,2026-05-01 22:41:37,I,13,영업중,,,2016-03-15,,2025-02-11 17:15:46,,2016-03-15,,서울특별시 종로구 명륜*가 **-* 도광루미네스트,CDFF5211012025000001,3000000,,"서울특별시 종로구 성균관로 **, ***호 (명륜*가, 도광루미네스트)",03068,01,영업/정상,,,,,,
,아조아하지,,199571.47105464,453865.097390645,,영화제작업,2026-05-01 22:41:37,I,13,영업중,,,2025-03-12,,2025-03-12 09:04:28,,2025-03-12,,서울특별시 종로구 명륜*가 **,CDFF5211012025000002,3000000,,"서울특별시 종로구 성균관로*길 **, ***호 (명륜*가)",03071,01,영업/정상,,,,,,
,(주)에무필름즈,,197193.771272123,452199.428810287,,영화제작업,2026-05-01 22:41:37,I,13,영업중,,,2025-03-13,,2025-03-13 17:48:26,,2025-03-13,,서울특별시 종로구 신문로*가 *-*** 복합문화공간 에무,CDFF5211012025000004,3000000,,"서울특별시 종로구 경희궁*가길 *, 복합문화공간 에무 *층 (신문로*가)",03176,01,영업/정상,,,,02-730-5515,,
,주식회사 낙원스토리,,200146.406746393,453872.270638015,,영화제작업,2026-05-01 22:41:37,I,13,영업중,,,2025-03-14,,2025-03-14 17:45:49,,2025-03-14,,서울특별시 종로구 혜화동 **-*,CDFF5211012025000005,3000000,,"서울특별시 종로구 창경궁로 ***-*, *,*층 (혜화동)",03076,01,영업/정상,,,,070-7757-1271,,
,57스튜디오,,198591.53972887,452984.930628006,,영화제작업,2026-05-01 22:41:37,I,13,영업중,,,2025-03-27,,2025-03-27 17:22:00,,2025-03-27,,서울특별시 종로구 재동 **-*,CDFF5211012025000006,3000000,,"서울특별시 종로구 북촌로*길 *, *층 (재동)",03060,01,영업/정상,,,,,,
,주식회사 버스데이,,198176.159239663,452574.67151361,,영화제작업,2026-05-01 22:41:37,I,13,영업중,,,2024-07-17,,2025-04-01 17:31:31,,2024-07-17,,서울특별시 종로구 중학동 ** 트윈 트리 빌딩,CDFF5211012025000007,3000000,,"서울특별시 종로구 율곡로 *, 트윈 트리 빌딩 에이동 **층 비호 (중학동)",03142,01,영업/정상,,,,02-3144-1222,,
,그루비젼 클럽(GROOVISION CLUB),,199812.609633255,452132.648343993,,영화제작업,2026-05-01 22:41:37,I,13,영업중,,,2025-04-03,,2025-04-03 09:01:34,,2025-04-03,,서울특별시 종로구 인의동 **-* 효성주얼리시티,CDFF5211012025000008,3000000,,"서울특별시 종로구 종로 ***, 효성주얼리시티 A동 ***호 (인의동)",03130,01,영업/정상,,,,,,
,주식회사 호라이즌웍스,,197713.264843734,451938.037703258,,영화제작업,2026-05-01 22:41:37,I,13,영업중,,,2025-03-14,,2025-08-18 17:36:48,,2025-03-14,,서울특별시 종로구 신문로*가 *** 광화문오피시아빌딩,CDFF5211012025000009,3000000,,"서울특별시 종로구 새문안로 **, 광화문오피시아빌딩 **층 ****호 (신문로*가)",03186,01,영업/정상,,,,,,
,주식회사 대호필름,,200153.322797562,453332.518876344,,영화제작업,2026-05-01 22:41:37,I,13,영업중,,,2024-06-12,,2025-08-21 09:04:15,,2024-06-12,,서울특별시 종로구 동숭동 *-**,CDFF5211012025000010,3000000,,"서울특별시 종로구 대학로*가길 **, 지하*층 (동숭동)",03086,01,영업/정상,,,,,,
,주식회사 메이데이홀딩컴퍼니,,199923.202328713,453965.35836165,,영화제작업,2026-05-01 22:41:37,I,13,영업중,,,2020-04-22,,2025-08-22 13:17:40,,2020-04-22,,서울특별시 종로구 혜화동 **-*,CDFF5211012025000011,3000000,,"서울특별시 종로구 혜화로 **-*, *층 (혜화동)",03067,01,영업/정상,,,,,,
,영화하자,,196765.827128832,453292.804652839,,영화제작업,2026-05-01 22:41:37,I,13,영업중,,,2025-10-30,,2025-10-30 16:03:57,,2025-10-30,,서울특별시 종로구 누상동 ***-***,CDFF5211012025000012,3000000,,"서울특별시 종로구 옥인*길 *, ***호 (누상동)",03038,01,영업/정상,,,,,,
,주식회사 나인진엔터테인먼트,,200306.889634085,453117.874916028,,영화제작업,2026-05-01 22:41:37,I,13,영업중,,,2025-11-11,,2025-11-11 13:43:28,,2025-11-11,,서울특별시 종로구 동숭동 *-*** 유센터(U-center),CDFF5211012025000013,3000000,,"서울특별시 종로구 동숭길 **, 유센터(U-center) (동숭동)",03086,01,영업/정상,,,,02-747-6485,,
,빅토리픽쳐스,,196092.743907822,456198.595931715,,영화제작업,2026-05-01 22:41:37,I,13,영업중,,,2025-12-12,,2025-12-12 09:18:38,,2025-12-12,,서울특별시 종로구 구기동 ***-* 요진오피스텔쉐레이,CDFF5211012025000014,3000000,,"서울특별시 종로구 진흥로 ***, 요진오피스텔쉐레이 ***호 (구기동)",03012,01,영업/정상,,,,,,
,(주)21세기스테이지,,199977.1994232,453345.549867034,,영화제작업,2026-05-01 22:41:37,I,13,영업중,,,2025-12-22,,2025-12-22 09:26:47,,2025-12-22,,서울특별시 종로구 명륜*가 **-* 우리빌딩,CDFF5211012025000015,3000000,,"서울특별시 종로구 대학로**길 **, 우리빌딩 지층 (명륜*가)",03078,01,영업/정상,,,,,,
,80프루프프로덕션(80proof production),,197165.654249255,456180.749959012,,영화제작업,2026-05-01 22:41:37,I,13,영업중,,,2025-12-26,,2025-12-26 08:58:37,,2025-12-26,,서울특별시 종로구 평창동 *** 금강주택,CDFF5211012025000016,3000000,,"서울특별시 종로구 평창**길 *-**, *동 ***호 (평창동, 금강주택)",03009,01,영업/정상,,,,,,
,(주)프리시네마,,199842.185399771,454130.889502182,,영화제작업,2026-05-01 22:41:28,I,13,영업중,,,1994-09-06,,2010-04-28 14:15:36,,1994-09-06,110-521,서울특별시 종로구 명륜*가 **-**,CDFF5211011994000001,3000000,,서울특별시 종로구 혜화로 **-*  (명륜*가),,01,영업/정상,,,,,,
,웅진코웨이개발(주),,199670.979884558,452221.775006084,,영화제작업,2026-05-01 22:41:28,I,13,영업중,,,1997-02-18,,2010-04-28 14:17:14,,1997-02-18,110-785,서울특별시 종로구 인의동 ***-* 웅진빌딩,CDFF5211011997000001,3000000,,"서울특별시 종로구 창경궁로 ***  (인의동,웅진빌딩)",,01,영업/정상,,,,36750670,,
,(주)틴하우스,,200347.069950258,452787.190025174,,영화제작업,2026-05-01 22:41:28,I,13,영업중,,,1998-07-30,,2010-04-28 14:27:34,,1998-07-30,110-500,서울특별시 종로구 이화동 **-* 디에스알테라스 *층,CDFF5211011998000001,3000000,,"서울특별시 종로구 이화장길 **  (이화동,디에스알테라스 *층)",,01,영업/정상,,,,,,
,온정필름,,198966.466796388,452608.062544497,,영화제작업,2026-05-01 22:41:28,I,13,영업중,,,1999-09-28,,2010-04-28 14:42:02,,1999-09-28,110-350,서울특별시 종로구 운니동 **-* 월드오피스텔 ****호,CDFF5211011999000002,3000000,,"서울특별시 종로구 율곡로*길 **  (운니동,월드오피스텔 ****호)",,01,영업/정상,,,,,,
,(주)오픈시네마,,198966.466796388,452608.062544497,,영화제작업,2026-05-01 22:41:28,I,13,영업중,,,1999-09-29,,2010-04-28 14:44:20,,1999-09-29,,서울특별시 종로구 운니동 **-* 월드오피스텔 ****호,CDFF5211011999000003,3000000,,"서울특별시 종로구 율곡로*길 **  (운니동,월드오피스텔 ****호)",,01,영업/정상,,,,,,
,뉴월드코리아필름,,197662.503910553,452189.09236786,,영화제작업,2026-05-01 22:41:28,I,13,영업중,,,1999-12-03,,2017-06-20 17:39:53,,1999-12-03,,서울특별시 종로구 당주동 * 로얄빌딩 *층 *호,CDFF5211011999000004,3000000,,"서울특별시 종로구 새문안로*길 **, *층 *호 (당주동, 로얄빌딩)",03173,01,영업/정상,,,,,,
,(주)세발까마귀영화사,,197572.926819836,452660.324628853,,영화제작업,2026-05-01 22:41:28,I,13,영업중,,,1999-12-13,,2010-04-28 14:48:19,,1999-12-13,110-052,서울특별시 종로구 적선동 **-* 대경빌딩 ***호,CDFF5211011999000005,3000000,,"서울특별시 종로구 사직로 ***-*  (적선동,대경빌딩 ***호)",,01,영업/정상,,,,,,
,다솜필름,,198978.930447673,453260.1367705,,영화제작업,2026-05-01 22:41:28,I,13,영업중,,,1999-12-13,,2010-04-28 14:49:31,,1999-12-13,110-280,서울특별시 종로구 원서동 **-*,CDFF5211011999000006,3000000,,서울특별시 종로구 창덕궁길 **  (원서동),,01,영업/정상,,,,,,
,원필름,,199863.826422762,453804.229945497,,영화제작업,2026-05-01 22:41:28,I,13,영업중,,,2000-03-07,,2010-04-28 14:51:49,,2000-03-07,110-521,서울특별시 종로구 명륜*가 **-*,CDFF5211012000000002,3000000,,서울특별시 종로구 혜화로*길 **-*  (명륜*가),,01,영업/정상,,,,,,
,원앤원픽쳐스,,198910.899366062,452750.505122507,,영화제작업,2026-05-01 22:41:29,I,13,영업중,,,2000-05-23,,2010-04-28 14:53:33,,2000-05-23,110-795,서울특별시 종로구 운니동 **-** 가든타워빌딩 ****호,CDFF5211012000000003,3000000,,"서울특별시 종로구 율곡로 **  (운니동,가든타워빌딩 ****호)",,01,영업/정상,,,,36730330,,
,신영기업,,197531.992140587,452997.836066638,,영화제작업,2026-05-01 22:41:29,I,13,영업중,,,2000-07-08,,2013-12-31 13:34:29,,2000-07-08,110-040,서울특별시 종로구 통의동 ** 신영빌딩,CDFF5211012000000004,3000000,,"서울특별시 종로구 자하문로**길 ** (통의동, 신영빌딩)",,01,영업/정상,,,,,,
,아솔엔터테인먼트(주),,198910.899366062,452750.505122507,,영화제작업,2026-05-01 22:41:29,I,13,영업중,,,2000-08-01,,2010-04-28 14:57:29,,2000-08-01,110-795,서울특별시 종로구 운니동 **-** 가든타워빌딩 ***호,CDFF5211012000000005,3000000,,"서울특별시 종로구 율곡로 **  (운니동,가든타워빌딩 ***호)",,01,영업/정상,,,,,,
,미다스필름,,197541.418168655,452115.300046799,,영화제작업,2026-05-01 22:41:29,I,13,영업중,,,2000-08-03,,2010-04-28 14:58:32,,2000-08-03,110-061,서울특별시 종로구 신문로*가 *** 동아생명빌딩 *층,CDFF5211012000000006,3000000,,"서울특별시 종로구 새문안로*길 **  (신문로*가,동아생명빌딩 *층)",,01,영업/정상,,,,,,
,(주)큐필름,,200342.282272788,452556.296390572,,영화제작업,2026-05-01 22:41:29,I,13,영업중,,,2001-01-08,,2013-12-31 13:31:13,,2001-01-08,110-844,서울특별시 종로구 충신동 ** 예일빌딩,CDFF5211012001000001,3000000,,"서울특별시 종로구 율곡로 ***, *층 (충신동, 예일빌딩)",,01,영업/정상,,,,,,
,(주)지희예농,,196817.547690675,454610.986632256,,영화제작업,2026-05-01 22:41:29,I,13,영업중,,,2001-05-24,,2010-04-28 15:03:14,,2001-05-24,110-817,서울특별시 종로구 부암동 ***-**,CDFF5211012001000002,3000000,,서울특별시 종로구 백석동길 **-**  (부암동),,01,영업/정상,,,,,,
,(주)디엔에이엔터테인먼트,,200342.282272788,452556.296390572,,영화제작업,2026-05-01 22:41:29,I,13,영업중,,,2001-07-10,,2013-12-31 13:31:51,,2001-07-10,110-844,서울특별시 종로구 충신동 ** 예일빌딩 *층,CDFF5211012001000003,3000000,,"서울특별시 종로구 율곡로 ***, *층 (충신동, 예일빌딩)",,01,영업/정상,,,,,,
,청년필름(주)-고양시덕양구 전출,,200037.301779363,453888.244142593,,영화제작업,2026-05-01 22:41:29,I,15,전출,,,2001-07-16,,2012-04-19 17:00:43,,2001-07-16,,서울특별시 종로구 혜화동 **-** *층,CDFF5211012001000004,3000000,,"서울특별시 종로구 창경궁로**나길 *, *층 (혜화동)",,05,제외/삭제/전출,,,,36721280,,
,(주)씨네플러스엔터테인먼트,,200084.172615902,453853.786909445,,영화제작업,2026-05-01 22:41:29,I,13,영업중,,,2001-07-23,,2010-04-28 15:10:15,,2001-07-23,110-530,서울특별시 종로구 혜화동 **-*,CDFF5211012001000005,3000000,,서울특별시 종로구 창경궁로**길 **  (혜화동),,01,영업/정상,,,,36753720,,
,아리랑을만드는사람들,,198643.543485167,452199.798612424,,영화제작업,2026-05-01 22:41:29,I,13,영업중,,,2002-03-05,,2010-04-28 15:22:24,,2002-03-05,110-794,서울특별시 종로구 인사동 ***-* 하나로빌딩,CDFF5211012002000001,3000000,,"서울특별시 종로구 인사동*길 **  (인사동,하나로빌딩)",,01,영업/정상,,,,,,
,에스디엠,,,,,영화제작업,2026-05-01 22:41:29,I,13,영업중,,,2002-03-21,,2014-04-03 19:04:28,,2002-03-21,,서울특별시 종로구 연건동 ***-* *층,CDFF5211012002000002,3000000,,,,01,영업/정상,,,,,,
,(주)에스에프엠,,,,,영화제작업,2026-05-01 22:41:29,I,13,영업중,,,2002-03-22,,2010-04-28 15:29:51,,2002-03-22,110-091,서울특별시 종로구 행촌동 ***-**,CDFF5211012002000003,3000000,,서울특별시 종로구 사직로 **  (행촌동),,01,영업/정상,,,,,,
,(주)백상시네마,,198910.899366062,452750.505122507,,영화제작업,2026-05-01 22:41:29,I,13,영업중,,,2003-03-07,,2010-04-28 15:35:12,,2003-03-07,110-795,서울특별시 종로구 운니동 **-** 가든타워,CDFF5211012003000001,3000000,,"서울특별시 종로구 율곡로 **  (운니동,가든타워)",,01,영업/정상,,,,,,
,(주)비원영화사,,198987.030446199,452943.213479765,,영화제작업,2026-05-01 22:41:29,I,13,영업중,,,2003-04-02,,2010-04-28 15:42:32,,2003-04-02,110-360,서울특별시 종로구 와룡동 * *층,CDFF5211012003000002,3000000,,"서울특별시 종로구 창덕궁길 **  (와룡동,*층)",,01,영업/정상,,,,,,
,(주)마블엔터테인먼트,,198640.079735013,452660.293046982,,영화제작업,2026-05-01 22:41:29,I,13,영업중,,,2003-07-29,,2010-04-28 15:45:38,,2003-07-29,,서울특별시 종로구 경운동 **-** *층,CDFF5211012003000003,3000000,,"서울특별시 종로구 율곡로 **  (경운동,*층)",,01,영업/정상,,,,,,
,(주)티씨브로드밴드시스템스,,,,,영화제작업,2026-05-01 22:41:29,I,13,영업중,,,2003-10-18,,2010-04-28 16:50:34,,2003-10-18,110-091,서울특별시 종로구 행촌동 **-** *층,CDFF5211012003000005,3000000,,"서울특별시 종로구 송월길 ***  (행촌동,*층)",,01,영업/정상,,,,,,
,우주의치어리더,,199738.417014231,453849.249219677,,영화제작업,2026-05-01 22:41:29,I,13,영업중,,,2003-12-06,,2010-04-28 16:51:49,,2003-12-06,110-521,서울특별시 종로구 명륜*가 **-*,CDFF5211012003000006,3000000,,서울특별시 종로구 혜화로*길 **  (명륜*가),,01,영업/정상,,,,,,
,귤프로덕션,,199922.368232065,453840.810077386,,영화제작업,2026-05-01 22:41:29,I,13,영업중,,,2004-06-08,,2010-04-28 16:58:38,,2004-06-08,110-521,서울특별시 종로구 명륜*가 **-* 주호빌딩 *-***호,CDFF5211012004000003,3000000,,"서울특별시 종로구 혜화로 **  (명륜*가,주호빌딩 *-***호)",,01,영업/정상,,,,,,
,(주)시네마서비스,,197612.137033978,452831.555366395,,영화제작업,2026-05-01 22:41:29,I,32,신고취소,,,2004-06-14,,2023-01-13 17:13:03,2023-01-13,2004-06-14,,서울특별시 종로구 통의동 **-**,CDFF5211012004000004,3000000,,서울특별시 종로구 효자로 ** (통의동),,04,취소/말소/만료/정지/중지,,,,20018800,,
,(주)무애프로덕션,,200201.706233839,453509.988964294,,영화제작업,2026-05-01 22:41:29,I,13,영업중,,,2004-07-30,,2010-04-28 17:04:07,,2004-07-30,110-809,서울특별시 종로구 동숭동 *-*,CDFF5211012004000006,3000000,,서울특별시 종로구 동숭길 ***-*  (동숭동),,01,영업/정상,,,,,,
,(주)열음사,,200201.706233839,453509.988964294,,영화제작업,2026-05-01 22:41:29,I,13,영업중,,,2004-08-21,,2010-04-28 17:08:20,,2004-08-21,,서울특별시 종로구 동숭동 *-*,CDFF5211012004000008,3000000,,서울특별시 종로구 동숭길 ***-*  (동숭동),,01,영업/정상,,,,,,
,서커스돔,,197380.9456091,452055.842126484,,영화제작업,2026-05-01 22:41:29,I,13,영업중,,,2004-11-22,,2010-04-28 17:10:43,,2004-11-22,110-062,서울특별시 종로구 신문로*가 *-*** 지하,CDFF5211012004000009,3000000,,"서울특별시 종로구 경희궁*길 *-*  (신문로*가,지하)",,01,영업/정상,,,,,,
,(주)뮤땅트,,200257.115683163,453485.12004217,,영화제작업,2026-05-01 22:41:29,I,13,영업중,,,2004-12-15,,2010-04-28 17:16:03,,2004-12-15,,서울특별시 종로구 동숭동 *-* 동숭아트센터,CDFF5211012004000011,3000000,,"서울특별시 종로구 동숭길 ***  (동숭동,동숭아트센터)",,01,영업/정상,,,,36761500,,
,(주)딴생각,,199028.334386781,452116.660907308,,영화제작업,2026-05-01 22:41:29,I,13,영업중,,,2004-12-20,,2010-04-28 17:21:03,,2004-12-20,,서울특별시 종로구 낙원동 *** 신아산빌딩 ***호,CDFF5211012004000013,3000000,,"서울특별시 종로구 수표로**길 *  (낙원동,신아산빌딩 ***호)",,01,영업/정상,,,,,,
,(재)환경재단,,197301.12614106,451816.038182067,,영화제작업,2026-05-01 22:41:29,I,13,영업중,,,2005-03-28,,2013-12-31 13:29:29,,2005-03-28,110-761,서울특별시 종로구 신문로*가 **-** 피어선빌딩 ***호,CDFF5211012005000002,3000000,,"서울특별시 종로구 새문안로 **, ***호 (신문로*가, 피어선빌딩)",,01,영업/정상,,,,,,
,이미지팩토리,,198852.959716775,452253.942584507,,영화제작업,2026-05-01 22:41:30,I,13,영업중,,,2005-11-14,,2010-04-28 17:33:12,,2005-11-14,,서울특별시 종로구 낙원동 ***-*,CDFF5211012005000004,3000000,,서울특별시 종로구 삼일대로 ***  (낙원동),,01,영업/정상,,,,,,
,(주)누리픽쳐스,,197289.34496896,453280.937601005,,영화제작업,2026-05-01 22:41:30,I,13,영업중,,,2005-12-05,,2022-05-13 15:47:27,,2005-12-05,,서울특별시 종로구 옥인동 **-**,CDFF5211012005000005,3000000,,"서울특별시 종로구 자하문로 **, 옥인빌딩 *층 ***호 (옥인동)",03035,01,영업/정상,,,,02-732-1895,,
,(주)두부픽처스,,200347.069950258,452787.190025174,,영화제작업,2026-05-01 22:41:30,I,13,영업중,,,2005-12-14,,2010-04-29 09:02:14,,2005-12-14,110-500,서울특별시 종로구 이화동 **-* 디에스알테라스 *층,CDFF5211012005000006,3000000,,"서울특별시 종로구 이화장길 **  (이화동,디에스알테라스 *층)",,01,영업/정상,,,,34434495,,
,스튜디오본프리,,200218.337746479,453952.565342483,,영화제작업,2026-05-01 22:41:30,I,13,영업중,,,2005-12-20,,2010-04-29 09:07:48,,2005-12-20,110-530,서울특별시 종로구 혜화동 **-*,CDFF5211012005000007,3000000,,서울특별시 종로구 창경궁로**길 **-**  (혜화동),,01,영업/정상,,,,,,
,(주)디엠씨케이,,196779.58515296,453187.694803592,,영화제작업,2026-05-01 22:41:30,I,13,영업중,,,2006-08-18,,2010-04-29 09:09:58,,2006-08-18,110-041,서울특별시 종로구 누상동 ***-*** 녹원빌라 *동 ***호,CDFF5211012006000001,3000000,,"서울특별시 종로구 옥인*길 **-*  (누상동,녹원빌라 *동 ***호)",,01,영업/정상,,,,,,
,(주)영화사진진,,198625.191380432,453151.482790983,,영화제작업,2026-05-01 22:41:30,I,13,영업중,,,2006-11-01,,2022-09-14 17:52:27,,2006-11-01,,서울특별시 종로구 가회동 ***-*,CDFF5211012006000002,3000000,,"서울특별시 종로구 북촌로 **-*, 덕양빌딩 *층 (가회동)",03056,01,영업/정상,,,,02-3672-0181,,
,광정필름,,197567.747824202,452347.973860449,,영화제작업,2026-05-01 22:41:30,I,13,영업중,,,2006-12-07,,2010-04-29 09:13:44,,2006-12-07,110-070,서울특별시 종로구 내수동 ** 용비어천가 ****호,CDFF5211012006000003,3000000,,"서울특별시 종로구 새문안로*길 **  (내수동,용비어천가 ****호)",,01,영업/정상,,,,,,
,(주)일레븐픽쳐스,,197181.393301659,452458.826651573,,영화제작업,2026-05-01 22:41:30,I,13,영업중,,,2007-01-22,,2010-04-29 09:15:11,,2007-01-22,110-054,서울특별시 종로구 사직동 * 풍림스페이스본 ***-***,CDFF5211012007000001,3000000,,"서울특별시 종로구 사직로*길 *  (사직동,풍림스페이스본 ***-***)",,01,영업/정상,,,,26545711,,
,(주)스타산지,,200257.190354048,453070.460958589,,영화제작업,2026-05-01 22:41:30,I,13,영업중,,,2007-11-14,,2010-04-29 09:28:03,,2007-11-14,110-809,서울특별시 종로구 동숭동 *-***,CDFF5211012007000007,3000000,,서울특별시 종로구 동숭길 **  (동숭동),,01,영업/정상,,,,,,
,미디어 활동사진,2026-02-04,191687.439669628,453867.310295044,,영화제작업,2026-05-01 22:41:24,I,15,전출,,,2024-11-12,,2026-02-04 09:30:56,,2024-11-12,,서울특별시 은평구 증산동 산 **-** 한신빌라 *동 ***호,CDFF5211012024000015,3110000,,"서울특별시 은평구 증산로*길 **-*, *동 ***호 (증산동, 한신빌라)",03494,05,제외/삭제/전출,,,,,,
,스튜디오하이브리드,,198261.432429451,453962.281450199,,영화제작업,2026-05-01 22:41:30,I,32,신고취소,,,2008-01-07,,2015-03-03 19:05:54,2015-02-26,2008-01-07,,서울특별시 종로구 삼청동 *,CDFF5211012008000001,3000000,,서울특별시 종로구 삼청로*길 ** (삼청동),,04,취소/말소/만료/정지/중지,,,,,,
,나온컬쳐(주),,199878.08705636,453933.055898075,,영화제작업,2026-05-01 22:41:30,I,13,영업중,,,2008-03-04,,2010-04-29 09:31:42,,2008-03-04,110-521,서울특별시 종로구 명륜*가 **-* *층,CDFF5211012008000003,3000000,,"서울특별시 종로구 혜화로*길 *  (명륜*가,*층)",,01,영업/정상,,,,36753677,,
,(주)씨앤피전략그룹,,197445.443496386,452942.93126005,,영화제작업,2026-05-01 22:41:30,I,13,영업중,,,2008-06-10,,2010-04-29 09:50:52,,2008-06-10,110-040,서울특별시 종로구 통의동 *** 양영빌딩 *층,CDFF5211012008000006,3000000,,"서울특별시 종로구 자하문로 **  (통의동,양영빌딩 *층)",,01,영업/정상,,,,,,
,레드버튼필름,,197312.229373757,453002.787711363,,영화제작업,2026-05-01 22:41:30,I,13,영업중,,,2008-08-05,,2010-04-29 09:53:24,,2008-08-05,110-043,서울특별시 종로구 통인동 ***-* 백악빌딩 ***호,CDFF5211012008000008,3000000,,"서울특별시 종로구 자하문로*길 **  (통인동,백악빌딩 ***호)",,01,영업/정상,,,,,,
,(주)씨비프로덕션,,197444.321538124,456739.051814434,,영화제작업,2026-05-01 22:41:30,I,13,영업중,,,2008-08-06,,2010-04-29 09:54:50,,2008-08-06,110-848,서울특별시 종로구 평창동 ***-* 지층,CDFF5211012008000009,3000000,,"서울특별시 종로구 평창**길 **-*  (평창동,지층)",,01,영업/정상,,,,,,
,(주)데이드림서울,,197529.00818157,456834.2394956,,영화제작업,2026-05-01 22:41:30,I,13,영업중,,,2008-08-08,,2010-04-29 09:56:17,,2008-08-08,110-848,서울특별시 종로구 평창동 ***-**,CDFF5211012008000010,3000000,,서울특별시 종로구 평창**길 **  (평창동),,01,영업/정상,,,,,,
,영화사피노키오,,200398.585451067,453078.913986365,,영화제작업,2026-05-01 22:41:30,I,13,영업중,,,2009-01-28,,2010-04-29 10:18:32,,2009-01-28,,서울특별시 종로구 동숭동 ***-***,CDFF5211012009000003,3000000,,서울특별시 종로구 동숭*길 **  (동숭동),,01,영업/정상,,,,,,
,(주)루스이소니도스,,196301.180095165,456108.099432583,,영화제작업,2026-05-01 22:41:30,I,13,영업중,,,2009-04-23,,2013-08-26 16:23:45,,2009-04-23,110-803,서울특별시 종로구 구기동 **-**,CDFF5211012009000004,3000000,,서울특별시 종로구 진흥로**길 *  (구기동),,01,영업/정상,,,,,,
,(주)애플팝엔터테인먼트,,200258.121120881,453158.494375019,,영화제작업,2026-05-01 22:41:30,I,32,신고취소,,,2009-06-18,,2014-12-31 09:31:47,2014-12-30,2009-06-18,,서울특별시 종로구 동숭동 *-*** 예향빌딩 *층,CDFF5211012009000005,3000000,,"서울특별시 종로구 대학로*길 ** (동숭동,예향빌딩 *층)",,04,취소/말소/만료/정지/중지,,,,,,
,엠레보(주),,197567.747824202,452347.973860449,,영화제작업,2026-05-01 22:41:30,I,13,영업중,,,2009-06-19,,2010-04-29 10:29:57,,2009-06-19,110-070,서울특별시 종로구 내수동 ** 용비어천가 ****,CDFF5211012009000006,3000000,,"서울특별시 종로구 새문안로*길 **  (내수동,용비어천가 ****)",,01,영업/정상,,,,,,
,알만한 사람들,,201911.136750205,452395.946444233,,영화제작업,2026-05-01 22:41:30,I,13,영업중,,,2009-09-14,,2010-04-29 10:32:40,,2009-09-14,110-829,서울특별시 종로구 숭인동 **** 타임빌딩 ***호,CDFF5211012009000008,3000000,,"서울특별시 종로구 난계로**가길 **  (숭인동,타임빌딩 ***호)",,01,영업/정상,,,,070-7651-5445,,
,플라잉타이거픽처스,,198820.282212906,453463.716504334,,영화제작업,2026-05-01 22:41:30,I,13,영업중,,,2009-10-28,,2010-04-29 10:35:00,,2009-10-28,110-800,서울특별시 종로구 계동 *-* *층,CDFF5211012009000010,3000000,,"서울특별시 종로구 창덕궁*길 **-*  (계동,*층)",,01,영업/정상,,,,,,
,신화필림,,197329.898847331,452432.501606302,,영화제작업,2026-05-01 22:41:31,I,14,전입,,,2010-03-09,,2010-04-29 10:42:53,,2010-03-09,,서울특별시 종로구 내수동 ** 파크팰리스 ***동 ****호,CDFF5211012010000002,3000000,,"서울특별시 종로구 사직로*길 **, ***동 ****호 (내수동,파크팰리스)",,01,영업/정상,,,,,,
,(주)스테이지팩토리,,197068.887091619,453540.210475854,,영화제작업,2026-05-01 22:41:31,I,13,영업중,,,2010-04-07,,2015-06-11 17:41:20,,2010-04-07,,서울특별시 종로구 신교동 *-* *층,CDFF5211012010000005,3000000,,"서울특별시 종로구 필운대로 **, *층 (신교동)",,01,영업/정상,,,,,,
,삼필름앤콘텐츠(주),,196469.513524981,454387.673851606,,영화제작업,2026-05-01 22:41:31,I,13,영업중,,,2010-04-14,,2010-04-29 11:33:11,,2010-04-14,,서울특별시 종로구 부암동 ***-**,CDFF5211012010000007,3000000,,서울특별시 종로구 창의문로*길 **  (부암동),,01,영업/정상,,,,60858610,,
,영화사공감(주),,197734.954921397,456411.118211104,,영화제작업,2026-05-01 22:41:31,I,13,영업중,,,2010-04-15,,2010-04-29 11:34:33,,2010-04-15,110-846,서울특별시 종로구 평창동 **-** 서호빌딩 ***호,CDFF5211012010000008,3000000,,"서울특별시 종로구 평창문화로 ***  (평창동,서호빌딩 ***호)",,01,영업/정상,,,,,,
,(주)디앤디미디어,,198640.079735013,452660.293046982,,영화제작업,2026-05-01 22:41:31,I,13,영업중,,,2010-04-15,,2010-04-29 11:37:27,,2010-04-15,110-310,서울특별시 종로구 경운동 **-** *층,CDFF5211012010000009,3000000,,"서울특별시 종로구 율곡로 **  (경운동,*층)",,01,영업/정상,,,,,,
,(주)주피터필름,,197185.37513315,453031.354495856,,영화제작업,2026-05-01 22:41:31,I,13,영업중,,,2010-04-28,,2019-01-18 16:39:04,,2010-04-28,,서울특별시 종로구 누하동 ** *층,CDFF5211012010000010,3000000,,"서울특별시 종로구 필운대로 **, *층 (누하동)",03036,01,영업/정상,,,,,,
,(주)티캐스트,,197482.205329945,451938.30792481,,영화제작업,2026-05-01 22:41:31,I,13,영업중,,,2009-07-27,,2024-04-18 21:09:35,,2009-07-27,,서울특별시 종로구 신문로*가 *** 흥국생명빌딩,CDFF5211012010000014,3000000,,"서울특별시 종로구 새문안로 **, 흥국생명빌딩 *층 (신문로*가)",03184,01,영업/정상,,,,070-8145-3150,,
,이즈필름 엔터테인먼트,,196742.446187705,454767.077088295,,영화제작업,2026-05-01 22:41:31,I,13,영업중,,,2005-12-05,,2012-08-07 09:03:37,,2005-12-05,,서울특별시 종로구 부암동 ***-** 한손빌딩 *층,CDFF5211012010000016,3000000,,"서울특별시 종로구 자하문로 ***  (부암동,한손빌딩 *층)",,01,영업/정상,,,,,,
,(주)영화사조아,,199052.164234663,452535.569961658,,영화제작업,2026-05-01 22:41:31,I,13,영업중,,,2011-06-02,,2022-09-23 11:07:05,,2011-06-02,,서울특별시 종로구 익선동 ** 현대뜨레비앙 ***호,CDFF5211012011000003,3000000,,"서울특별시 종로구 돈화문로**가길 **, ***호 (익선동,현대뜨레비앙)",,01,영업/정상,,,,070-8713-8877,,
,시네마서울,,197036.537391184,452872.264836387,,영화제작업,2026-05-01 22:41:31,I,13,영업중,,,2011-09-29,,2011-09-29 09:12:44,,2011-09-29,,서울특별시 종로구 필운동 **-*,CDFF5211012011000009,3000000,,서울특별시 종로구 필운대로*길 **-*  (필운동),,01,영업/정상,,,,32911700,,
,(주)디엠씨케이,,196779.58515296,453187.694803592,,영화제작업,2026-05-01 22:41:32,I,13,영업중,,,2011-11-14,,2015-11-27 13:48:00,,2011-11-14,,서울특별시 종로구 누상동 ***-*** ***호,CDFF5211012011000011,3000000,,"서울특별시 종로구 옥인*길 **-*, ***호 (누상동, 녹원하이츠)",03038,01,영업/정상,,,,02-548-9114,,
,버진필름(Virgin Film),,197389.917123857,453670.972179995,,영화제작업,2026-05-01 22:41:32,I,13,영업중,,,2011-11-22,,2011-11-22 09:22:15,,2011-11-22,,서울특별시 종로구 청운동 **-*,CDFF5211012011000012,3000000,,서울특별시 종로구 자하문로**가길 *  (청운동),,01,영업/정상,,,,,,
,(주)영화사단막극장,,200465.354715363,453521.363643568,,영화제작업,2026-05-01 22:41:32,I,13,영업중,,,2012-01-16,,2015-10-13 11:10:46,,2012-01-16,,서울특별시 종로구 동숭동 *-** ***호,CDFF5211012012000002,3000000,,"서울특별시 종로구 동숭*라길 **-* (동숭동, ***)",,01,영업/정상,,,,,,
,(주)인펫,,198910.899366062,452750.505122507,,영화제작업,2026-05-01 22:41:32,I,13,영업중,,,2012-01-30,,2014-01-07 11:30:57,,2012-01-30,,서울특별시 종로구 운니동 **-** 가든타워 ****호,CDFF5211012012000003,3000000,,"서울특별시 종로구 율곡로 **, ****호 (운니동, 가든타워)",,01,영업/정상,,,,070-8654-0123,,
,(주)시네마달,,199633.162881481,453545.529363707,,영화제작업,2026-05-01 22:41:32,I,13,영업중,,,2012-02-23,,2019-05-23 13:41:10,,2012-02-23,,서울특별시 종로구 명륜*가 **-*,CDFF5211012012000004,3000000,,서울특별시 종로구 성균관로*길 **-* (명륜*가),03073,01,영업/정상,,,,02-337-2135,,
,(주)에이치앤씨후아이엠,,199953.582501115,453297.127562772,,영화제작업,2026-05-01 22:41:32,I,13,영업중,,,2012-03-20,,2017-06-29 18:05:25,,2012-03-20,,서울특별시 종로구 명륜*가 *** 대학로스타시티빌딩 *층 ***-*호,CDFF5211012012000006,3000000,,"서울특별시 종로구 대학로**길 **, ***-*호 (명륜*가, 대학로스타시티빌딩 *층)",,01,영업/정상,,,,,,
,보통영화사,,201721.77996103,452293.000490685,,영화제작업,2026-05-01 22:41:32,I,13,영업중,,,2012-03-28,,2012-03-28 17:09:47,,2012-03-28,,서울특별시 종로구 숭인동 ***-** 삼우빌딩 ***호,CDFF5211012012000008,3000000,,"서울특별시 종로구 난계로**길 **, ***호 (숭인동, 삼우빌딩)",,01,영업/정상,,,,,,
,(주)따미픽쳐스,,198690.658978281,452665.844737685,,영화제작업,2026-05-01 22:41:32,I,13,영업중,,,2008-06-02,,2023-01-02 10:28:48,,2008-06-02,,서울특별시 종로구 경운동 **-* 서원빌딩,CDFF5211012012000014,3000000,,"서울특별시 종로구 삼일대로 ***, 서원빌딩 **층 (경운동)",03147,01,영업/정상,,,,,,
,볼 BOL,,197083.101529635,453807.031821162,,영화제작업,2026-05-01 22:41:32,I,13,영업중,,,2012-10-05,,2012-10-05 19:52:38,,2012-10-05,,서울특별시 종로구 청운동 **-** B*호,CDFF5211012012000019,3000000,,"서울특별시 종로구 자하문로**다길 *, B*호 (청운동)",,01,영업/정상,,,,02-733-6495,,
,곤돌라 필름,,199712.09065102,453459.632849686,,영화제작업,2026-05-01 22:41:32,I,13,영업중,,,2012-11-20,,2012-11-20 16:06:56,,2012-11-20,,서울특별시 종로구 명륜*가 ***-*,CDFF5211012012000021,3000000,,서울특별시 종로구 성균관로*길 ** (명륜*가),,01,영업/정상,,,,02-337-2135,,
,플라이트 223(FLIGHT 223),,197208.553893398,453100.175707964,,영화제작업,2026-05-01 22:41:32,I,13,영업중,,,2012-12-21,,2026-01-30 10:10:49,,2012-12-21,,서울특별시 종로구 누하동 *-**,CDFF5211012012000022,3000000,,"서울특별시 종로구 자하문로*길 **, *층 (누하동)",03036,01,영업/정상,,,,,,
,주식회사 루시드스튜디오,,196705.846206195,454509.978472791,,영화제작업,2026-05-01 22:41:32,I,13,영업중,,,2013-02-15,,2013-02-15 10:57:32,,2013-02-15,,서울특별시 종로구 부암동 ***-*,CDFF5211012013000002,3000000,,서울특별시 종로구 창의문로 ***-* (부암동),,01,영업/정상,,,,,,
,코르코르디움,,199733.697782045,453282.013083408,,영화제작업,2026-05-01 22:41:33,I,13,영업중,,,2013-04-12,,2013-12-10 13:42:51,,2013-04-12,,서울특별시 종로구 명륜*가 ***-**,CDFF5211012013000004,3000000,,서울특별시 종로구 창경궁로**길 * (명륜*가),,01,영업/정상,,,,02-889-3561,,
,밀크픽처스,,197637.15454628,452692.303520592,,영화제작업,2026-05-01 22:41:33,I,13,영업중,,,2013-06-21,,2013-06-21 13:32:08,,2013-06-21,,서울특별시 종로구 통의동 **-**,CDFF5211012013000007,3000000,,"서울특별시 종로구 효자로 *, ***호 (통의동, 영연빌딩)",,01,영업/정상,,,,070-4065-5664,,
,(주)티캐스트콘텐츠허브,,197482.205329945,451938.30792481,,영화제작업,2026-05-01 22:41:33,I,13,영업중,,,2013-06-27,,2015-04-30 16:56:08,,2013-06-27,,서울특별시 종로구 신문로*가 *** 흥극생명빌딩 *층,CDFF5211012013000008,3000000,,"서울특별시 종로구 새문안로 **, *층 (신문로*가, 흥국생명빌딩 )",,01,영업/정상,,,,070-8145-3200,,
,(주) 이엔티팩토리,,200178.724251664,453254.499540614,,영화제작업,2026-05-01 22:41:33,I,13,영업중,,,2013-06-27,,2014-07-11 17:06:52,,2013-06-27,,서울특별시 종로구 동숭동 *-*** 행림빌딩 *층,CDFF5211012013000009,3000000,,"서울특별시 종로구 대학로**길 **, *층 (동숭동, 행림빌딩)",,01,영업/정상,,,,02-745-9430,,
,고로로픽처스,,196990.460836317,455059.661839536,,영화제작업,2026-05-01 22:41:33,I,13,영업중,,,2013-01-31,,2013-09-02 16:41:00,,2013-01-31,,서울특별시 종로구 부암동 ***-** 블루빌 B***호,CDFF5211012013000010,3000000,,"서울특별시 종로구 백석동길 ***, B***호 (부암동, 블루빌)",,01,영업/정상,,,,,,
,(주)담소필름,,200149.657257026,453553.282759182,,영화제작업,2026-05-01 22:41:33,I,13,영업중,,,2013-10-29,,2013-11-04 13:56:14,,2013-10-29,110-530,서울특별시 종로구 혜화동 ***-**,CDFF5211012013000011,3000000,,서울특별시 종로구 대학로**길 ** (혜화동),,01,영업/정상,,,,02-744-7776,,
,영화사고래,,196828.928666125,455080.0109352,,영화제작업,2026-05-01 22:41:33,I,13,영업중,,,2014-03-21,,2014-03-21 10:01:34,,2014-03-21,,서울특별시 종로구 부암동 ***-** 부암연립 다동 ***호,CDFF5211012014000004,3000000,,"서울특별시 종로구 백석동길 ***-**, 다동 ***호 (부암동, 부암연립)",,01,영업/정상,,,,,,
,(주)나음커뮤니케이션즈,,198594.308614563,452255.899868234,,영화제작업,2026-05-01 22:41:33,I,13,영업중,,,2010-09-09,,2022-06-28 08:11:41,,2010-09-09,,서울특별시 종로구 관훈동 ***-* 홍익빌딩,CDFF5211012014000008,3000000,,"서울특별시 종로구 인사동*길 **, 홍익빌딩 *층 (관훈동)",03149,01,영업/정상,,,,02-733-1087,,
,아이시네마,,198213.149542308,454073.28694546,,영화제작업,2026-05-01 22:41:33,I,13,영업중,,,2014-06-02,,2014-06-02 17:51:30,,2014-06-02,,서울특별시 종로구 삼청동 산 *-** ***호,CDFF5211012014000009,3000000,,"서울특별시 종로구 삼청로**길 **, ***호 (삼청동)",,01,영업/정상,,,,,,
,SAM production,,197677.342369364,456913.618563397,,영화제작업,2026-05-01 22:41:33,I,13,영업중,,,2012-04-09,,2014-06-17 17:41:55,,2012-04-09,,서울특별시 종로구 평창동 ***-* ***호,CDFF5211012014000010,3000000,,"서울특별시 종로구 평창길 ***, ***호 (평창동)",,01,영업/정상,,,,,,
,씨네주유한회사,,196336.631267977,455698.777504567,,영화제작업,2026-05-01 22:41:33,I,13,영업중,,,2014-10-10,,2018-10-31 10:28:34,,2014-10-10,,서울특별시 종로구 신영동 ***-**,CDFF5211012014000015,3000000,,서울특별시 종로구 세검정로*나길 ** (신영동),03014,01,영업/정상,,,,,,
,한얼영화사,,199805.907338486,454001.093602887,,영화제작업,2026-05-01 22:41:33,I,13,영업중,,,2014-10-28,,2014-10-28 17:41:50,,2014-10-28,,서울특별시 종로구 명륜*가 **-**,CDFF5211012014000019,3000000,,서울특별시 종로구 성균관로**길 ** (명륜*가),,01,영업/정상,,,,02-766-7010,,
,(주)맑음영화사,,197514.679591891,456633.240753552,,영화제작업,2026-05-01 22:41:34,I,13,영업중,,,2009-11-06,,2014-12-02 17:36:26,,2009-11-06,,서울특별시 종로구 평창동 ***-**,CDFF5211012014000021,3000000,,서울특별시 종로구 평창**길 **-** (평창동),,01,영업/정상,,,,,,
,주식회사 브리즈픽처스,,197465.223921125,452366.613899898,,영화제작업,2026-05-01 22:41:34,I,13,영업중,,,2015-01-19,,2015-01-19 14:01:56,,2015-01-19,,서울특별시 종로구 내수동 ** 경희궁의아침*단지 ****호,CDFF5211012015000001,3000000,,"서울특별시 종로구 사직로*길 **, ****호 (내수동, 경희궁의아침*단지)",,01,영업/정상,,,,,,
,아주조아오락공사 주식회사,,197713.264843734,451938.037703258,,영화제작업,2026-05-01 22:41:34,I,13,영업중,,,2015-01-19,,2017-09-26 15:43:25,,2015-01-19,,서울특별시 종로구 신문로*가 *** 광화문오피시아 ***호,CDFF5211012015000002,3000000,,"서울특별시 종로구 새문안로 **, ***호 (신문로*가, 광화문오피시아)",03186,01,영업/정상,,,,,,
,반달(BANDAL),,196335.329427755,455997.314779951,,영화제작업,2026-05-01 22:41:34,I,13,영업중,,,2012-12-05,,2019-07-01 14:35:20,,2012-12-05,,서울특별시 종로구 구기동 **-**,CDFF5211012015000004,3000000,,"서울특별시 종로구 세검정로*길 **-*, *층 (구기동)",03013,01,영업/정상,,,,,,
,프레인콘텐츠협동조합,,197446.289844498,452141.287286209,,영화제작업,2026-05-01 22:41:34,I,13,영업중,,,2015-02-23,,2015-02-23 18:17:46,,2015-02-23,,서울특별시 종로구 신문로*가 *-*** 신영빌딩,CDFF5211012015000005,3000000,,"서울특별시 종로구 경희궁길 ** (신문로*가, 신영빌딩)",,01,영업/정상,,,,32109664,,
,(주)이즈엔터테인먼트,,199779.552100504,454185.615565081,,영화제작업,2026-05-01 22:41:34,I,13,영업중,,,2015-04-28,,2015-04-28 16:54:59,,2015-04-28,,서울특별시 종로구 명륜*가 *,CDFF5211012015000007,3000000,,서울특별시 종로구 성균관로 ** (명륜*가),,01,영업/정상,,,,02-744-7090,,
,(주)연우무대,,200084.172615902,453853.786909445,,영화제작업,2026-05-01 22:41:34,I,13,영업중,,,2015-04-28,,2015-04-28 16:55:21,,2015-04-28,,서울특별시 종로구 혜화동 **-*,CDFF5211012015000008,3000000,,서울특별시 종로구 창경궁로**길 ** (혜화동),,01,영업/정상,,,,02-744-7090,,
,모베터필름 주식회사,,195804.560127598,456762.857775672,,영화제작업,2026-05-01 22:41:34,I,13,영업중,,,2015-07-06,,2017-08-03 17:25:46,,2015-07-06,,서울특별시 종로구 구기동 ***-**,CDFF5211012015000013,3000000,,서울특별시 종로구 비봉*길 ** (구기동),,01,영업/정상,,,,02-722-4966,,
,영화사 다동극장,,197006.889642555,454612.883905768,,영화제작업,2026-05-01 22:41:34,I,13,영업중,,,2015-09-03,,2015-09-03 09:06:18,,2015-09-03,,서울특별시 종로구 부암동 **-*,CDFF5211012015000017,3000000,,"서울특별시 종로구 백석동길 **, ***호 (부암동, 우림빌라)",03020,01,영업/정상,,,,,,
