건물용도명,사업장명,폐업일자,좌표X,좌표Y,문화사업자구분명,문화체육업종명,데이터갱신시점,데이터갱신구분,상세영업상태코드,상세영업상태명,제작취급품목내용,시설면적,지상층수,최종수정시점,인허가취소일자,인허가일자,소재지우편번호,지번주소,관리번호,개방자치단체코드,지역구분명,도로명주소,도로명우편번호,영업상태구분코드,영업상태명,주변환경명,휴업시작일자,휴업종료일자,소재지전화번호,총층수,지하층수
,이노뮤직,2021-09-17,207982.510726216,454634.04018178,유통관련업,음반.음악영상물제작업,2026-05-01 22:41:42,I,03,폐업,"CD, 카세트, 뮤직비디오DVD",99,,2021-09-27 13:50:06,,2013-08-22,,서울특별시 중랑구 상봉동 **-**,CDFF3241062013000001,3060000,,"서울특별시 중랑구 봉우재로 ***-* (상봉동, 문수해오름아파트 지하)",02152,03,폐업,,,,,,1
,킹유씨씨노래영상제작실,2016-09-19,206783.119023183,454376.340632857,유통관련업,음반.음악영상물제작업,2026-05-01 22:41:42,I,03,폐업,"음악영상물, 음악영상파일, USB",,,2016-09-19 15:04:13,,2013-08-22,,서울특별시 중랑구 면목동 ***-** 지하,CDFF3241062013000002,3060000,,"서울특별시 중랑구 동일로***길 **, 지층 (면목동)",02124,03,폐업,,,,,,1
,코다,2023-01-13,206786.402333741,454048.402074886,유통관련업,음반.음악영상물제작업,2026-05-01 22:41:42,I,03,폐업,"뮤직비디오, 음원",10,1,2023-01-13 15:30:18,,2020-10-14,,서울특별시 중랑구 면목동 ***-*,CDFF3241062020000001,3060000,,"서울특별시 중랑구 동일로***길 **, 가동 ***호 (면목동)",02134,03,폐업,,,,,,
,연세미디어,2011-07-08,192241.446894582,452821.64457491,유통관련업,음반.음악영상물제작업,2026-05-01 22:30:38,I,03,폐업,"음반,강의테이프",,,2011-07-08 17:20:14,,2007-03-30,120-810,서울특별시 서대문구 북가좌동 **-** (지층***호),CDFF3241062007000001,3120000,,"서울특별시 서대문구 거북골로**길 **-*  (북가좌동,(지층***호))",,03,폐업,,,,,,
,전통타악연구소,2023-10-27,195935.137088572,451180.441186072,유통관련업,음반.음악영상물제작업,2026-05-01 22:30:38,I,03,폐업,음반,,,2023-10-30 17:43:49,,2007-07-20,120-818,서울특별시 서대문구 북아현동 ***-**,CDFF3241062007000002,3120000,,서울특별시 서대문구 북아현로**가길 **  (북아현동),,03,폐업,,,,,,
,수도음악사,2015-07-22,191993.362939917,452741.302180404,유통관련업,음반.음악영상물제작업,2026-05-01 22:30:39,I,03,폐업,,,,2015-07-23 09:05:37,,2010-06-03,,서울특별시 서대문구 북가좌동 *** 삼성래미안e편한세상아파트 ***동 ***호,CDFF3241062010000001,3120000,,"서울특별시 서대문구 수색로 ***, ***동 ***호 (북가좌동, 삼성래미안e편한세상아파트)",,03,폐업,,,,,,
,별빛노래,2023-02-13,193310.567638385,453033.327121757,유통관련업,음반.음악영상물제작업,2026-05-01 22:30:39,I,03,폐업,"영상, 음반, 음악 CD",33.1,,2023-02-13 17:44:03,,2012-02-02,,서울특별시 서대문구 남가좌동 ***-** *층,CDFF3241062012000001,3120000,,"서울특별시 서대문구 증가로**길 **, *층 (남가좌동)",03665,03,폐업,,,,,,
,코스모스노래기획,2015-06-23,192265.732493169,453296.220981827,유통관련업,음반.음악영상물제작업,2026-05-01 22:30:39,I,03,폐업,,,,2015-06-24 09:01:48,,2012-03-09,,서울특별시 서대문구 북가좌동 ***-** 지층,CDFF3241062012000003,3120000,,"서울특별시 서대문구 응암로 ***, 지층 (북가좌동)",,03,폐업,,,,,,
,닥터나인,2019-01-08,195161.384718657,453681.531642847,유통관련업,음반.음악영상물제작업,2026-05-01 22:30:39,I,03,폐업,대중음악영상,,,2019-01-08 17:08:06,,2012-10-29,,서울특별시 서대문구 홍제동 ***-*,CDFF3241062012000004,3120000,,"서울특별시 서대문구 모래내로 *** (홍제동, 홍제그린빌 ****호)",03729,03,폐업,,,,02-723-2204,,
근린생활시설,사플,2015-05-04,193644.792466664,452794.270232125,유통관련업,음반.음악영상물제작업,2026-05-01 22:30:39,I,03,폐업,음반 뮤직비디오,15,,2015-05-04 16:00:33,,2014-06-20,,서울특별시 서대문구 홍은동 ***-**,CDFF3241062014000001,3120000,,"서울특별시 서대문구 모래내로 ***, ***호 (홍은동)",,03,폐업,,,,,,
,주식회사 연세디지털,2018-01-29,194584.959249312,451381.585492051,유통관련업,음반.음악영상물제작업,2026-05-01 22:30:40,I,03,폐업,음반음악영상물,,,2018-01-29 17:28:01,,2015-10-20,,서울특별시 서대문구 신촌동 ***,CDFF3241062015000003,3120000,,"서울특별시 서대문구 연세로 ** (신촌동, 연세대학교)",03722,03,폐업,,,,,,
,예신 Music,2016-12-30,192874.514454351,452525.219515622,유통관련업,음반.음악영상물제작업,2026-05-01 22:30:40,I,03,폐업,음반,,,2016-12-30 17:56:06,,2016-10-27,,서울특별시 서대문구 남가좌동 *** 남가좌동현대아파트 ***동 ***호,CDFF3241062016000001,3120000,,"서울특별시 서대문구 가재울로 ** (남가좌동, 남가좌동현대아파트)",03710,03,폐업,,,,02-302-8428,,
,주식회사 블루멜론프로덕션,2022-10-04,194033.03782295,450514.653917441,유통관련업,음반.음악영상물제작업,2026-05-01 22:30:40,I,03,폐업,음반·음악영상물,,,2022-10-04 13:44:30,,2019-01-16,,서울특별시 서대문구 창천동 **-**,CDFF3241062019000001,3120000,,"서울특별시 서대문구 연세로*다길 **, *층 ***호 (창천동)",03787,03,폐업,,,,,,
,(주)브릭스컴퍼니,2022-01-13,194086.489660146,452285.678976073,유통관련업,음반.음악영상물제작업,2026-05-01 22:30:40,I,03,폐업,,1,,2022-01-13 17:04:07,,2016-01-21,,서울특별시 서대문구 연희동 **-**,CDFF3241062019000002,3120000,,"서울특별시 서대문구 연희로**길 **, 지층 (연희동)",03697,03,폐업,,,,,,
다세대주택,사운드엘리트,2021-12-23,194010.358568812,451756.700490842,유통관련업,음반.음악영상물제작업,2026-05-01 22:30:40,I,03,폐업,MV,23.18,,2021-12-23 15:06:01,,2020-10-13,,서울특별시 서대문구 연희동 **-*,CDFF3241062020000002,3120000,일반주거지역,"서울특별시 서대문구 연희로**길 **, ***호 (연희동)",03724,03,폐업,,,,,,
,와이비씨 나도스타(홍은센터),2024-06-26,195280.710219904,455193.014698844,유통관련업,음반.음악영상물제작업,2026-05-01 22:30:41,I,03,폐업,음악영상물,,,2024-06-27 16:02:23,,2022-06-15,,서울특별시 서대문구 홍은동 **-***,CDFF3241062022000003,3120000,,"서울특별시 서대문구 홍은중앙로 **, *층 (홍은동)",03604,03,폐업,,,,,,
다가구용 주택(공동주택적용),노이지무드,2024-04-29,192179.469546538,452940.890562292,유통관련업,음반.음악영상물제작업,2026-05-01 22:30:41,I,03,폐업,음반·음악영상물,,,2024-04-30 17:26:48,,2024-01-24,,서울특별시 서대문구 북가좌동 **-*** 지하층 ***호,CDFF3241062024000001,3120000,일반주거지역,"서울특별시 서대문구 거북골로**나길 **-**, 지하층 ***호 (북가좌동)",03683,03,폐업,주택가주변,,,,,
,마코뮤직,2015-08-17,202481.661169413,442563.269271521,유통관련업,음반.음악영상물제작업,2026-05-01 22:31:14,I,03,폐업,음반,,,2015-08-17 17:11:41,,1999-09-21,,서울특별시 서초구 서초동 ****-*,CDFF3241061999000004,3210000,,서울특별시 서초구 서운로 ** (서초동),,03,폐업,,,,34714150,,
,라스미디어,2006-07-25,198682.690482636,443325.950294871,유통관련업,음반.음악영상물제작업,2026-05-01 22:31:14,I,03,폐업,음반,,,2006-07-31 11:14:39,,1999-09-06,137-830,서울특별시 서초구 방배동 ***-** ***호,CDFF3241061999000007,3210000,,"서울특별시 서초구 동광로**길 **,  ***호 (방배동)",,03,폐업,,,,34811225,,
,쎄텍(주),2006-10-30,203394.59,441580.695,유통관련업,음반.음악영상물제작업,2026-05-01 22:31:14,I,03,폐업,음반,,,2006-11-01 11:46:06,,1999-09-07,137-890,서울특별시 서초구 양재동 **-** 정우빌딩 *층,CDFF3241061999000008,3210000,,"서울특별시 서초구 양재천로**길 **  (양재동,정우빌딩 *층)",,03,폐업,,,,,,
,한솔텔레컴(주),2007-06-07,202152.435828986,443826.911881224,유통관련업,음반.음악영상물제작업,2026-05-01 22:31:14,I,03,폐업,비디오물제작업,,,2007-06-07 16:33:27,,1999-04-01,137-857,서울특별시 서초구 서초동 ****-**,CDFF3241061999000009,3210000,,서울특별시 서초구 서초대로 ***  (서초동),,03,폐업,,,,,,
,(주)오콘,2012-12-04,201023.448281659,442624.173963943,유통관련업,음반.음악영상물제작업,2026-05-01 22:31:14,I,03,폐업,음반,,,2012-12-04 17:02:42,,2000-01-12,137-876,서울특별시 서초구 서초동 ****-* 탑스벤처타워 *층,CDFF3241062000000001,3210000,,"서울특별시 서초구 반포대로**길 **  (서초동,탑스벤처타워 *층)",,03,폐업,,,,34444411,,
,(주)현대문학북스,2018-12-28,201501.592326256,443399.396754796,유통관련업,음반.음악영상물제작업,2026-05-01 22:31:16,I,03,폐업,음반,,,2018-12-28 14:23:59,,2001-05-22,137-881,서울특별시 서초구 서초동 ****-** 진빈빌딩 *층,CDFF3241062001000014,3210000,,"서울특별시 서초구 사임당로**길 **  (서초동,진빈빌딩 *층)",,03,폐업,,,,,,
,(주)로이코리아,2010-04-05,203417.706338049,441113.350026051,유통관련업,음반.음악영상물제작업,2026-05-01 22:31:16,I,03,폐업,음반,,,2010-04-06 08:47:31,,2001-05-24,137-894,서울특별시 서초구 양재동 ***-* 산호빌딩 *층,CDFF3241062001000015,3210000,,"서울특별시 서초구 마방로*길 **  (양재동,산호빌딩 *층)",,03,폐업,,,,,,
,자바뮤직,2010-04-07,200403.337741775,442170.676710233,유통관련업,음반.음악영상물제작업,2026-05-01 22:31:18,I,03,폐업,음반,,,2010-04-07 15:54:29,,2002-06-21,137-869,서울특별시 서초구 서초동 ****-* 서신상가 지층,CDFF3241062002000006,3210000,,,,03,폐업,,,,,,
,Song bank,2009-03-02,204158.349624217,441292.453930502,유통관련업,음반.음악영상물제작업,2026-05-01 22:31:18,I,03,폐업,음반,,,2009-03-02 12:05:59,,2002-08-05,137-895,서울특별시 서초구 양재동 ***-* 재성빌딩 지층,CDFF3241062002000007,3210000,,"서울특별시 서초구 논현로**길 **  (양재동,재성빌딩 지층)",,03,폐업,,,,20573151,,
,(주)브릿지북스코리아,2008-04-03,203393.38,441076.315,유통관련업,음반.음악영상물제작업,2026-05-01 22:31:21,I,03,폐업,음반,,,2008-04-03 14:53:51,,2003-01-27,137-896,서울특별시 서초구 양재동 *** 삼덕빌딩 *층,CDFF3241062003000003,3210000,,"서울특별시 서초구 강남대로 **  (양재동,삼덕빌딩 *층)",,03,폐업,,,,,,
,(주)드림빌엔터테인먼트,2010-10-05,203404.93234684,441983.905235162,유통관련업,음반.음악영상물제작업,2026-05-01 22:31:24,I,03,폐업,음반,,,2010-10-06 15:44:45,,2004-06-28,137-888,서울특별시 서초구 양재동 **-* 송정빌딩 *층,CDFF3241062004000002,3210000,,"서울특별시 서초구 바우뫼로**길 **  (양재동,송정빌딩 *층)",,03,폐업,,,,,,
,바운드엔터테인먼트,2010-12-31,199944.939861171,443606.126104092,유통관련업,음반.음악영상물제작업,2026-05-01 22:31:26,I,03,폐업,음반,,,2010-12-31 14:40:28,,2004-11-12,137-807,서울특별시 서초구 반포동 ***-** 선호빌딩 *층 ***호,CDFF3241062004000016,3210000,,"서울특별시 서초구 동광로 ***,  ***호 (반포동,선호빌딩 *층)",,03,폐업,,,,,,
,주-와이드포스,2009-05-14,201103.134111392,443585.843772336,유통관련업,음반.음악영상물제작업,2026-05-01 22:31:27,I,03,폐업,음반.음원.음악영상물,,,2009-05-14 16:32:09,,2008-02-27,,서울특별시 서초구 서초동 ****-** 한성빌딩 ***호,CDFF3241062008000001,3210000,,"서울특별시 서초구 법원로*길 **,  ***호 (서초동,한성빌딩)",,03,폐업,,,,,,
,(주)맵더소울,2012-03-23,202638.948768564,443109.509930091,유통관련업,음반.음악영상물제작업,2026-05-01 22:31:28,I,03,폐업,,,,2012-03-26 09:55:01,,2009-03-09,,서울특별시 서초구 서초동 ****-** 현대렉시온 ****호,CDFF3241062009000001,3210000,,"서울특별시 서초구 강남대로 ***,  ****호 (서초동,현대렉시온)",,03,폐업,,,,02-2182-5523,,
,이지사운드,2017-01-11,200698.780989184,442836.047410118,유통관련업,음반.음악영상물제작업,2026-05-01 22:31:28,I,03,폐업,음악영상물,20,,2017-01-11 15:11:12,,2009-03-18,137-871,서울특별시 서초구 서초동 ****-* 지하*층,CDFF3241062009000002,3210000,,"서울특별시 서초구 서초대로**길 **  (서초동,지하*층)",,03,폐업,,,,02-523-4950,,
,(주)선율,2011-05-13,201634.873035271,442403.488797596,유통관련업,음반.음악영상물제작업,2026-05-01 22:31:28,I,03,폐업,"음반, 영상물",,,2011-05-13 11:48:10,,2010-08-18,,서울특별시 서초구 서초동 ****-* *층,CDFF3241062010000004,3210000,,"서울특별시 서초구 서초중앙로*길 **  (서초동,*층)",,03,폐업,,,,02-586-3377,,
,S미디어,2014-04-21,199944.939861171,443606.126104092,유통관련업,음반.음악영상물제작업,2026-05-01 22:31:29,I,03,폐업,음반,,,2014-04-21 17:31:53,,2010-12-24,,서울특별시 서초구 반포동 ***-** *층,CDFF3241062010000006,3210000,,"서울특별시 서초구 동광로 ***  (반포동,*층)",,03,폐업,,,,02-923-4338,,
,(주)아이디안,2014-12-31,203429.086468872,441674.481547052,유통관련업,음반.음악영상물제작업,2026-05-01 22:31:29,I,03,폐업,"방송,홍보영상물",,,2014-12-31 18:11:42,,2011-04-11,,서울특별시 서초구 양재동 ** 선도빌딩 ***호,CDFF3241062011000004,3210000,,"서울특별시 서초구 양재천로 ***-**, ***호 (양재동,선도빌딩)",,03,폐업,,,,02-571-8209,,
,이브,2012-03-28,202580.644821513,443264.557852558,유통관련업,음반.음악영상물제작업,2026-05-01 22:31:30,I,03,폐업,CD제작,115,,2012-03-28 14:54:49,,2012-01-19,,서울특별시 서초구 서초동 ****-** 대우디오빌 B***호,CDFF3241062012000001,3210000,,"서울특별시 서초구 강남대로 ***,  B***호 (서초동,대우디오빌)",,03,폐업,,,,,,
,수 영상제작실,2014-04-23,203030.48541748,440125.988508969,유통관련업,음반.음악영상물제작업,2026-05-01 22:31:30,I,03,폐업,음반,,,2014-04-23 14:51:40,,2012-02-03,,서울특별시 서초구 양재동 ***-* ***호,CDFF3241062012000003,3210000,,"서울특별시 서초구 매헌로 **, ***호 (양재동)",,03,폐업,,,,,,
,히트기획,2015-12-18,202732.290379677,442533.894773429,유통관련업,음반.음악영상물제작업,2026-05-01 22:31:30,I,03,폐업,음반 음악영상물,,,2015-12-18 17:12:19,,2012-03-08,,서울특별시 서초구 서초동 ****-** 라인빌딩 지하,CDFF3241062012000005,3210000,근린상업지역,"서울특별시 서초구 남부순환로***길 **, 지하*층 (서초동, 라인빌딩)",06734,03,폐업,,,,,,
,스튜디오 나비,2018-03-23,199321.0267273,441334.260217724,유통관련업,음반.음악영상물제작업,2026-05-01 22:31:30,I,03,폐업,영상,,,2018-03-23 15:43:42,,2012-06-13,,서울특별시 서초구 방배동 ***-* 리더스빌 ***호,CDFF3241062012000007,3210000,,"서울특별시 서초구 남부순환로 ****, *층 ***호 (방배동, 리더스빌)",06702,03,폐업,,,,02-583-1302,,
,(주) 드림빌엔터테인먼트,2014-10-06,199907.838792983,443769.117829391,유통관련업,음반.음악영상물제작업,2026-05-01 22:31:30,I,03,폐업,음반,0,,2014-10-06 17:42:28,,2009-03-09,,서울특별시 서초구 반포동 **-** *층,CDFF3241062012000008,3210000,,"서울특별시 서초구 서래로*길 **, *층 (반포동)",,03,폐업,,,,02-529-9277,,
,(주)루디컴퍼니,2015-06-17,201213.64069933,442739.647017252,유통관련업,음반.음악영상물제작업,2026-05-01 22:31:32,I,03,폐업,음반및음악영상물(뮤직비디오),,,2015-06-17 18:05:17,,2012-08-30,,서울특별시 서초구 서초동 ****-* 엘지서초에클라트 ****호,CDFF3241062012000014,3210000,,"서울특별시 서초구 반포대로**길 **, ****호 (서초동, 엘지서초에클라트)",,03,폐업,,,,02-703-0826,,
,레트로뮤직,2014-12-01,198407.667634842,441981.589454339,유통관련업,음반.음악영상물제작업,2026-05-01 22:31:32,I,03,폐업,"음반,음원,뮤직비디오등",,,2014-12-01 16:42:39,,2012-10-12,,서울특별시 서초구 방배동 ***-** B*호,CDFF3241062012000017,3210000,,"서울특별시 서초구 방배천로*길 *-**, B*호 (방배동)",,03,폐업,,,,070-4102-4002,,
,서울퓨전뮤직,2013-11-06,201076.091513043,442354.047946878,유통관련업,음반.음악영상물제작업,2026-05-01 22:31:32,I,03,폐업,"음반,음악영상물",,,2013-11-06 17:56:22,,2012-10-22,,서울특별시 서초구 서초동 ****-** 시가빌딩지하층,CDFF3241062012000018,3210000,,"서울특별시 서초구 반포대로*길 **, 지하층 (서초동, 시가빌딩)",,03,폐업,,,,02-525-5312,,
,그랜드라인엔터테인먼트,2016-01-28,198802.645602586,443070.18939533,유통관련업,음반.음악영상물제작업,2026-05-01 22:31:33,I,03,폐업,뮤직비디오제작,,,2016-01-28 18:47:50,,2012-11-16,,서울특별시 서초구 방배동 ***-* *층,CDFF3241062012000020,3210000,,"서울특별시 서초구 방배중앙로**길 *, *층 (방배동)",06564,03,폐업,,,,02-546-6395,,
,W(더블유),2015-07-17,201125.516628452,443087.049015724,유통관련업,음반.음악영상물제작업,2026-05-01 22:31:33,I,03,폐업,음반.음악영상물등,,,2015-07-17 18:32:39,,2013-01-09,,서울특별시 서초구 서초동 ****-* *층,CDFF3241062013000001,3210000,,"서울특별시 서초구 서초대로**길 ***, *층 (서초동)",,03,폐업,,,,,,
,(주)이수C&E,2021-04-27,199830.643130989,443964.985736618,유통관련업,음반.음악영상물제작업,2026-05-01 22:31:34,I,03,폐업,,,,2021-04-27 17:32:47,,2014-09-02,,서울특별시 서초구 반포동,CDFF3241062014000003,3210000,,"서울특별시 서초구 서래로*길 *, *층 (반포동, 이수플리나빌딩)",06577,03,폐업,,,,,,
,(주)리슨프로듀싱컴퍼니,2015-12-07,201483.408349862,446180.260965954,유통관련업,음반.음악영상물제작업,2026-05-01 22:31:35,I,03,폐업,"음반,음악영상물",10,,2015-12-07 11:32:28,,2014-10-17,,서울특별시 서초구 잠원동 *-*,CDFF3241062014000004,3210000,,"서울특별시 서초구 강남대로***길 **, *층 (잠원동, 대능빌딩)",06524,03,폐업,,,,,,
,싱싱,2017-11-15,203089.941792477,442406.56293023,유통관련업,음반.음악영상물제작업,2026-05-01 22:31:36,I,03,폐업,음반 영상물,,,2017-11-15 12:19:37,,2015-10-21,,서울특별시 서초구 양재동,CDFF3241062015000007,3210000,,"서울특별시 서초구 강남대로 ***-*, 지하*층 (양재동, 동천빌딩)",06736,03,폐업,,,,,,
,곰스패밀리(GOMS Family),2024-03-12,203815.668827003,441633.343952614,유통관련업,음반.음악영상물제작업,2026-05-01 22:31:36,I,03,폐업,영상물,,,2024-03-12 14:00:01,,2015-11-20,,서울특별시 서초구 양재동,CDFF3241062015000008,3210000,,"서울특별시 서초구 마방로**길 **, B동 ***호 (양재동, 트윈타워)",06775,03,폐업,,,,,,
,작품하나,2021-05-21,198512.866027886,443538.696011529,유통관련업,음반.음악영상물제작업,2026-05-01 22:31:36,I,03,폐업,"노래영상,CD,USB저장,UCC제작",175.38,4,2021-05-21 16:32:07,,2016-01-29,,서울특별시 서초구 방배동 ***-** 지층,CDFF3241062016000002,3210000,,"서울특별시 서초구 방배중앙로**길 **, 지층 (방배동, 덕성빌딩)",06555,03,폐업,,,,,5,1
,주식회사 미디어라인엔터테인먼트,2024-01-04,199779.697051231,442913.177063314,유통관련업,음반.음악영상물제작업,2026-05-01 22:31:37,I,03,폐업,"음반,음반파일(음원),음악영상물,음악영상파일",,,2024-01-04 16:32:06,,2016-07-29,,서울특별시 서초구 방배동 ***-*,CDFF3241062016000010,3210000,,"서울특별시 서초구 서초대로**길 **, *층 (방배동)",06661,03,폐업,,,,,,
,지앤필엔터테인먼트,2019-06-19,203738.58134364,441497.383235245,유통관련업,음반.음악영상물제작업,2026-05-01 22:31:38,I,03,폐업,음반음악영상물제작,114.39,,2019-06-19 09:40:34,,2017-02-10,,서울특별시 서초구 양재동 ***,CDFF3241062017000003,3210000,,"서울특별시 서초구 언남**길 **-*, 지하*층 (양재동, 성화빌딩)",06776,03,폐업,,,,,,
,바이멜,2025-01-23,201457.999635171,445573.640430594,유통관련업,음반.음악영상물제작업,2026-05-01 22:31:38,I,03,폐업,"음악,영상물",59,,2025-01-23 17:28:35,,2017-07-13,,서울특별시 서초구 잠원동 **-**,CDFF3241062017000014,3210000,,"서울특별시 서초구 신반포로**길 **, *층 (잠원동, ICM빌딩)",06529,03,폐업,,,,,,
,오운플리크레코즈,2019-12-31,198736.031734366,443514.801447856,유통관련업,음반.음악영상물제작업,2026-05-01 22:31:39,I,03,폐업,"음반, 음원, 뮤직비디오 제작 및 기획",72,,2020-01-03 08:59:35,,2018-01-22,,서울특별시 서초구 방배동 ***-*,CDFF3241062018000002,3210000,,"서울특별시 서초구 방배중앙로 ***, ***호 (방배동)",06557,03,폐업,,,,,,
,(주)유니트폼,2019-06-04,198727.495028369,443997.623474367,유통관련업,음반.음악영상물제작업,2026-05-01 22:31:39,I,03,폐업,영상콘텐츠 제작,,,2019-06-04 13:48:12,,2018-02-12,,서울특별시 서초구 방배동 ***-** 학림빌딩,CDFF3241062018000004,3210000,,"서울특별시 서초구 사평대로 **, 학림빌딩 ***호 (방배동)",06552,03,폐업,,,,,,
,원투노래영상제작소,2023-08-09,200969.631260214,443277.956764365,유통관련업,음반.음악영상물제작업,2026-05-01 22:31:39,I,03,폐업,영상제작물,84,,2023-08-09 14:02:08,,2018-03-27,,서울특별시 서초구 서초동 ****-*,CDFF3241062018000008,3210000,,"서울특별시 서초구 반포대로**길 **, 지하*층 (서초동)",06645,03,폐업,,,,,,
,7in Scale Records (칠린스케일레코즈),2023-12-26,201877.808579165,445008.574848075,유통관련업,음반.음악영상물제작업,2026-05-01 22:31:39,I,03,폐업,음원,,,2023-12-26 11:01:12,,2018-06-21,,서울특별시 서초구 반포동 ***-** 녹우빌딩,CDFF3241062018000010,3210000,,"서울특별시 서초구 강남대로**길 **, B*층 **호 (반포동, 녹우빌딩)",06536,03,폐업,,,,,,
,몰입아카데미,2022-02-16,199693.315340345,443376.402865669,유통관련업,음반.음악영상물제작업,2026-05-01 22:31:39,I,03,폐업,"음원, 뮤직비디오",229.38,,2022-02-16 10:14:22,,2018-08-13,,서울특별시 서초구 방배동 ***-* 동양빌라,CDFF3241062018000012,3210000,,"서울특별시 서초구 방배로**길 ***, ***호 (방배동, 동양빌라)",06587,03,폐업,,,,02-532-1982,,
,룰루랄라영상제작,2020-02-25,201114.63812877,443158.117487543,유통관련업,음반.음악영상물제작업,2026-05-01 22:31:40,I,03,폐업,"음반,음악영상 제작",,,2020-02-25 12:16:07,,2019-01-18,,서울특별시 서초구 서초동 ****-* 동일빌딩,CDFF3241062019000003,3210000,,"서울특별시 서초구 서초대로**길 **-*, 동일빌딩 지하층 (서초동)",06650,03,폐업,,,,,,
,탑노래(음악),2020-05-13,201008.594344627,443207.312190331,유통관련업,음반.음악영상물제작업,2026-05-01 22:31:40,I,03,폐업,"USB,CD",,,2020-05-13 12:48:39,,2019-04-29,,서울특별시 서초구 서초동 ****-* 서진빌딩,CDFF3241062019000006,3210000,,"서울특별시 서초구 반포대로**길 **, 서진빌딩 지층 (서초동)",06645,03,폐업,,,,,,
,연세통아오심리상담센터,2020-06-19,200675.805294681,443427.113896821,유통관련업,음반.음악영상물제작업,2026-05-01 22:31:40,I,03,폐업,"음반,음원,영상물제작 및 배급",,,2020-06-22 10:53:18,,2019-07-18,,서울특별시 서초구 서초동 ****-* 양지원,CDFF3241062019000010,3210000,,"서울특별시 서초구 법원로*길 **, 양지원 *층 (서초동)",06595,03,폐업,,,,,,
,네온뮤직,2021-01-20,204072.005641837,441434.96226118,유통관련업,음반.음악영상물제작업,2026-05-01 22:31:41,I,03,폐업,음반,,,2021-01-20 12:54:54,,2020-02-24,,서울특별시 서초구 양재동 ***-*,CDFF3241062020000004,3210000,,"서울특별시 서초구 논현로 **, B*호 (양재동)",06782,03,폐업,,,,,,
,구십이번지 주식회사,2022-01-20,199944.939861171,443606.126104092,유통관련업,음반.음악영상물제작업,2026-05-01 22:31:42,I,03,폐업,"오디오, 드라마 OST",193.89,,2022-01-21 10:23:17,,2021-04-27,,서울특별시 서초구 반포동 ***-** 무사이,CDFF3241062021000010,3210000,,"서울특별시 서초구 동광로 ***, 무사이 *층 (반포동)",06589,03,폐업,,,,02-539-1488,,
,제스트엔터테인먼트,2023-01-13,199634.68907156,442406.461256188,유통관련업,음반.음악영상물제작업,2026-05-01 22:31:43,I,03,폐업,"뮤직비디오음원, 음악영상물 컨텐츠제작",,,2023-01-13 15:20:39,,2021-10-15,,서울특별시 서초구 방배동 ***-* 대안빌딩,CDFF3241062021000024,3210000,,"서울특별시 서초구 효령로**길 **, 대안빌딩 지층 (방배동)",06665,03,폐업,,,,,,
,히트 노래뮤비방,2023-06-30,202732.290379677,442533.894773429,유통관련업,음반.음악영상물제작업,2026-05-01 22:31:44,I,03,폐업,"노래영상물제작, 노래음악영상파일, 마이크로SD카드",194.95,,2023-06-30 17:02:40,,2022-06-14,,서울특별시 서초구 서초동 ****-** 동흥빌딩,CDFF3241062022000010,3210000,,"서울특별시 서초구 남부순환로***길 **, 동흥빌딩 지층 (서초동)",06734,03,폐업,,,,,,
,윙크,2023-07-26,203677.975908541,440569.259053553,유통관련업,음반.음악영상물제작업,2026-05-01 22:31:45,I,03,폐업,음반 및 음악 영상물 제작,,,2023-07-26 17:44:01,,2022-10-31,,서울특별시 서초구 양재동 ***-*,CDFF3241062022000020,3210000,,"서울특별시 서초구 강남대로*길 **, 지하 *층 (양재동)",06787,03,폐업,,,,,,
